,index,Season,Region,Country,YearWeek,Clinical syndrome,00-04a,05-14a,15-64a,65+a
0,0,2015/2016,EU/EEA,France,2015-W40,ILI,34.92624142,13.81982023,20.98428564,15.26233092
1,1,2015/2016,WHO Europe,France,2015-W40,ILI,34.92624142,13.81982023,20.98428564,15.26233092
2,2,2015/2016,EU/EEA,France,2015-W41,ILI,25.23283536,15.65840424,23.84686799,11.26726588
3,3,2015/2016,WHO Europe,France,2015-W41,ILI,25.23283536,15.65840424,23.84686799,11.26726588
4,4,2015/2016,EU/EEA,France,2015-W42,ILI,37.07477988,14.28251024,34.7103081,12.90583378
5,5,2015/2016,WHO Europe,France,2015-W42,ILI,37.07477988,14.28251024,34.7103081,12.90583378
6,6,2015/2016,EU/EEA,France,2015-W43,ILI,69.50272077,17.92315011,25.8710371,14.31635357
7,7,2015/2016,WHO Europe,France,2015-W43,ILI,69.50272077,17.92315011,25.8710371,14.31635357
8,8,2015/2016,EU/EEA,France,2015-W44,ILI,38.29894714,8.1457795,26.35013038,11.77403946
9,9,2015/2016,WHO Europe,France,2015-W44,ILI,38.29894714,8.1457795,26.35013038,11.77403946
10,10,2015/2016,EU/EEA,France,2015-W45,ILI,36.07545967,9.789546664,26.73580047,1.418966018
11,11,2015/2016,WHO Europe,France,2015-W45,ILI,36.07545967,9.789546664,26.73580047,1.418966018
12,12,2015/2016,EU/EEA,France,2015-W46,ILI,39.19833533,30.73235793,18.31813154,7.25530839
13,13,2015/2016,WHO Europe,France,2015-W46,ILI,39.19833533,30.73235793,18.31813154,7.25530839
14,14,2015/2016,EU/EEA,France,2015-W47,ILI,97.68355076,14.06334129,21.54003385,7.618496121
15,15,2015/2016,WHO Europe,France,2015-W47,ILI,97.68355076,14.06334129,21.54003385,7.618496121
16,16,2015/2016,EU/EEA,France,2015-W48,ILI,140.4794389,31.19504795,18.55767818,4.189328244
17,17,2015/2016,WHO Europe,France,2015-W48,ILI,140.4794389,31.19504795,18.55767818,4.189328244
18,18,2015/2016,EU/EEA,France,2015-W49,ILI,139.1803226,40.63148908,28.04851605,7.280647069
19,19,2015/2016,WHO Europe,France,2015-W49,ILI,139.1803226,40.63148908,28.04851605,7.280647069
20,20,2015/2016,EU/EEA,France,2015-W50,ILI,92.58701768,52.51531687,38.26997117,8.85164516
21,21,2015/2016,WHO Europe,France,2015-W50,ILI,92.58701768,52.51531687,38.26997117,8.85164516
22,22,2015/2016,EU/EEA,France,2015-W51,ILI,137.6313763,41.26464383,44.8048035,12.48352247
23,23,2015/2016,WHO Europe,France,2015-W51,ILI,137.6313763,41.26464383,44.8048035,12.48352247
24,24,2015/2016,EU/EEA,France,2015-W52,ILI,86.41621537,30.7932382,30.09424436,7.973237625
25,25,2015/2016,WHO Europe,France,2015-W52,ILI,86.41621537,30.7932382,30.09424436,7.973237625
26,26,2015/2016,EU/EEA,France,2015-W53,ILI,63.38188447,37.17349001,37.62319524,29.89119487
27,27,2015/2016,WHO Europe,France,2015-W53,ILI,63.38188447,37.17349001,37.62319524,29.89119487
28,28,2015/2016,EU/EEA,France,2016-W01,ILI,100.260208,53.77095349,71.2259261,32.49995699
29,29,2015/2016,WHO Europe,France,2016-W01,ILI,100.260208,53.77095349,71.2259261,32.49995699
30,30,2015/2016,EU/EEA,France,2016-W02,ILI,107.6868901,99.09784023,69.49728077,24.30737897
31,31,2015/2016,WHO Europe,France,2016-W02,ILI,107.6868901,99.09784023,69.49728077,24.30737897
32,32,2015/2016,EU/EEA,France,2016-W03,ILI,250.4386851,231.6840816,102.0187661,26.56853051
33,33,2015/2016,WHO Europe,France,2016-W03,ILI,250.4386851,231.6840816,102.0187661,26.56853051
34,34,2015/2016,EU/EEA,France,2016-W04,ILI,447.1959166,568.7030981,188.4797241,35.09700422
35,35,2015/2016,WHO Europe,France,2016-W04,ILI,447.1959166,568.7030981,188.4797241,35.09700422
36,36,2015/2016,EU/EEA,France,2016-W05,ILI,604.5269366,662.127581,220.7382066,58.82271015
37,37,2015/2016,WHO Europe,France,2016-W05,ILI,604.5269366,662.127581,220.7382066,58.82271015
38,38,2015/2016,EU/EEA,France,2016-W06,ILI,711.9895309,715.2388417,243.2631966,50.78579112
39,39,2015/2016,WHO Europe,France,2016-W06,ILI,711.9895309,715.2388417,243.2631966,50.78579112
40,40,2015/2016,EU/EEA,France,2016-W07,ILI,741.5467287,677.8042788,268.4588598,72.1848049
41,41,2015/2016,WHO Europe,France,2016-W07,ILI,741.5467287,677.8042788,268.4588598,72.1848049
42,42,2015/2016,EU/EEA,France,2016-W08,ILI,678.0710265,559.2874839,272.6740766,58.86367304
43,43,2015/2016,WHO Europe,France,2016-W08,ILI,678.0710265,559.2874839,272.6740766,58.86367304
44,44,2015/2016,EU/EEA,France,2016-W09,ILI,831.6388619,764.1160747,296.7125278,71.83252404
45,45,2015/2016,WHO Europe,France,2016-W09,ILI,831.6388619,764.1160747,296.7125278,71.83252404
46,46,2015/2016,EU/EEA,France,2016-W10,ILI,996.2719551,1004.484111,306.49623,81.18025556
47,47,2015/2016,WHO Europe,France,2016-W10,ILI,996.2719551,1004.484111,306.49623,81.18025556
48,48,2015/2016,EU/EEA,France,2016-W11,ILI,1130.899259,1125.843582,367.0538083,96.52495418
49,49,2015/2016,WHO Europe,France,2016-W11,ILI,1130.899259,1125.843582,367.0538083,96.52495418
50,50,2015/2016,EU/EEA,France,2016-W12,ILI,950.6402273,813.581034,363.4578435,116.2035266
51,51,2015/2016,WHO Europe,France,2016-W12,ILI,950.6402273,813.581034,363.4578435,116.2035266
52,52,2015/2016,EU/EEA,France,2016-W13,ILI,570.8576497,394.7841096,255.1748301,66.42542255
53,53,2015/2016,WHO Europe,France,2016-W13,ILI,570.8576497,394.7841096,255.1748301,66.42542255
54,54,2015/2016,EU/EEA,France,2016-W14,ILI,267.4602417,269.1786166,129.18695,44.21534355
55,55,2015/2016,WHO Europe,France,2016-W14,ILI,267.4602417,269.1786166,129.18695,44.21534355
56,56,2015/2016,EU/EEA,France,2016-W15,ILI,149.3062158,85.19631556,74.88644617,32.98331909
57,57,2015/2016,WHO Europe,France,2016-W15,ILI,149.3062158,85.19631556,74.88644617,32.98331909
58,58,2015/2016,EU/EEA,France,2016-W16,ILI,51.96185277,39.13776963,41.0475562,20.97299972
59,59,2015/2016,WHO Europe,France,2016-W16,ILI,51.96185277,39.13776963,41.0475562,20.97299972
60,60,2015/2016,EU/EEA,France,2016-W17,ILI,19.68818402,16.28841286,22.69952811,10.19975963
61,61,2015/2016,WHO Europe,France,2016-W17,ILI,19.68818402,16.28841286,22.69952811,10.19975963
62,62,2015/2016,EU/EEA,France,2016-W37,ILI,0.623043798,9.78744101,7.603170359,0.360473433
63,63,2015/2016,WHO Europe,France,2016-W37,ILI,0.623043798,9.78744101,7.603170359,0.360473433
64,64,2015/2016,EU/EEA,France,2016-W38,ILI,6.105829223,3.226497098,12.30613769,2.523314029
65,65,2015/2016,WHO Europe,France,2016-W38,ILI,6.105829223,3.226497098,12.30613769,2.523314029
66,66,2015/2016,EU/EEA,France,2016-W39,ILI,37.13341037,17.47585974,16.91824952,4.710732359
67,67,2015/2016,WHO Europe,France,2016-W39,ILI,37.13341037,17.47585974,16.91824952,4.710732359
68,0,2016/2017,EU/EEA,France,2016-W40,ILI,34.2175654,26.87947954,20.93262783,8.274503796
69,1,2016/2017,WHO Europe,France,2016-W40,ILI,34.2175654,26.87947954,20.93262783,8.274503796
70,2,2016/2017,EU/EEA,France,2016-W41,ILI,30.45438086,13.04992135,24.77246795,10.14241158
71,3,2016/2017,WHO Europe,France,2016-W41,ILI,30.45438086,13.04992135,24.77246795,10.14241158
72,4,2016/2017,EU/EEA,France,2016-W42,ILI,16.99663482,10.31519518,21.89139239,18.20390835
73,5,2016/2017,WHO Europe,France,2016-W42,ILI,16.99663482,10.31519518,21.89139239,18.20390835
74,6,2016/2017,EU/EEA,France,2016-W43,ILI,18.44209643,10.23123429,15.01267506,12.33802249
75,7,2016/2017,WHO Europe,France,2016-W43,ILI,18.44209643,10.23123429,15.01267506,12.33802249
76,8,2016/2017,EU/EEA,France,2016-W44,ILI,10.71635333,18.77125635,27.62963417,13.05896936
77,9,2016/2017,WHO Europe,France,2016-W44,ILI,10.71635333,18.77125635,27.62963417,13.05896936
78,10,2016/2017,EU/EEA,France,2016-W45,ILI,12.43595421,14.35731236,31.65835809,8.356429576
79,11,2016/2017,WHO Europe,France,2016-W45,ILI,12.43595421,14.35731236,31.65835809,8.356429576
80,12,2016/2017,EU/EEA,France,2016-W46,ILI,68.58466131,16.98408881,36.27764272,12.08405257
81,13,2016/2017,WHO Europe,France,2016-W46,ILI,68.58466131,16.98408881,36.27764272,12.08405257
82,14,2016/2017,EU/EEA,France,2016-W47,ILI,54.92754125,46.4903448,36.8514669,6.365633118
83,15,2016/2017,WHO Europe,France,2016-W47,ILI,54.92754125,46.4903448,36.8514669,6.365633118
84,16,2016/2017,EU/EEA,France,2016-W48,ILI,110.9267178,74.60524888,63.69209283,26.15070903
85,17,2016/2017,WHO Europe,France,2016-W48,ILI,110.9267178,74.60524888,63.69209283,26.15070903
86,18,2016/2017,EU/EEA,France,2016-W49,ILI,246.4512048,188.0484071,111.7092219,33.59776244
87,19,2016/2017,WHO Europe,France,2016-W49,ILI,246.4512048,188.0484071,111.7092219,33.59776244
88,20,2016/2017,EU/EEA,France,2016-W50,ILI,314.0389961,353.3674015,178.0241694,82.33540906
89,21,2016/2017,WHO Europe,France,2016-W50,ILI,314.0389961,353.3674015,178.0241694,82.33540906
90,22,2016/2017,EU/EEA,France,2016-W51,ILI,478.6222458,367.0770155,271.535992,199.2926528
91,23,2016/2017,WHO Europe,France,2016-W51,ILI,478.6222458,367.0770155,271.535992,199.2926528
92,24,2016/2017,EU/EEA,France,2016-W52,ILI,527.4190361,254.3415277,357.9515223,265.5132609
93,25,2016/2017,WHO Europe,France,2016-W52,ILI,527.4190361,254.3415277,357.9515223,265.5132609
94,26,2016/2017,EU/EEA,France,2017-W01,ILI,535.4058591,462.0804278,403.0058774,215.3852527
95,27,2016/2017,WHO Europe,France,2017-W01,ILI,535.4058591,462.0804278,403.0058774,215.3852527
96,28,2016/2017,EU/EEA,France,2017-W02,ILI,891.6686458,652.4570861,354.9939415,176.5748025
97,29,2016/2017,WHO Europe,France,2017-W02,ILI,891.6686458,652.4570861,354.9939415,176.5748025
98,30,2016/2017,EU/EEA,France,2017-W03,ILI,863.7715952,777.0885539,356.4228539,150.7887953
99,31,2016/2017,WHO Europe,France,2017-W03,ILI,863.7715952,777.0885539,356.4228539,150.7887953
100,32,2016/2017,EU/EEA,France,2017-W04,ILI,720.1384584,710.6383533,350.396571,174.001778
101,33,2016/2017,WHO Europe,France,2017-W04,ILI,720.1384584,710.6383533,350.396571,174.001778
102,34,2016/2017,EU/EEA,France,2017-W05,ILI,547.8495117,516.3303668,260.4013715,157.9502474
103,35,2016/2017,WHO Europe,France,2017-W05,ILI,547.8495117,516.3303668,260.4013715,157.9502474
104,36,2016/2017,EU/EEA,France,2017-W06,ILI,322.8015012,236.5130051,129.1206382,56.04095172
105,37,2016/2017,WHO Europe,France,2017-W06,ILI,322.8015012,236.5130051,129.1206382,56.04095172
106,38,2016/2017,EU/EEA,France,2017-W07,ILI,206.0537358,85.99929762,95.18516244,35.13811486
107,39,2016/2017,WHO Europe,France,2017-W07,ILI,206.0537358,85.99929762,95.18516244,35.13811486
108,40,2016/2017,EU/EEA,France,2017-W08,ILI,57.61512339,30.19594624,53.10631945,20.03454066
109,41,2016/2017,WHO Europe,France,2017-W08,ILI,57.61512339,30.19594624,53.10631945,20.03454066
110,42,2016/2017,EU/EEA,France,2017-W09,ILI,18.99427466,19.20256652,24.41815426,4.253854757
111,43,2016/2017,WHO Europe,France,2017-W09,ILI,18.99427466,19.20256652,24.41815426,4.253854757
112,44,2016/2017,EU/EEA,France,2017-W10,ILI,33.8406651,19.75223551,18.8339262,7.400432714
113,45,2016/2017,WHO Europe,France,2017-W10,ILI,33.8406651,19.75223551,18.8339262,7.400432714
114,46,2016/2017,EU/EEA,France,2017-W11,ILI,18.66547896,12.53484274,13.57227872,2.76420899
115,47,2016/2017,WHO Europe,France,2017-W11,ILI,18.66547896,12.53484274,13.57227872,2.76420899
116,48,2016/2017,EU/EEA,France,2017-W12,ILI,17.60321593,5.962713563,16.89605331,4.094534354
117,49,2016/2017,WHO Europe,France,2017-W12,ILI,17.60321593,5.962713563,16.89605331,4.094534354
118,50,2016/2017,EU/EEA,France,2017-W13,ILI,2.225693968,4.170314696,14.04539688,10.18853976
119,51,2016/2017,WHO Europe,France,2017-W13,ILI,2.225693968,4.170314696,14.04539688,10.18853976
120,52,2016/2017,EU/EEA,France,2017-W14,ILI,0.0,0.884250108,2.296295748,0.788635994
121,53,2016/2017,WHO Europe,France,2017-W14,ILI,0.0,0.884250108,2.296295748,0.788635994
122,54,2016/2017,EU/EEA,France,2017-W15,ILI,0.0,2.007486731,0.341696454,0.0
123,55,2016/2017,WHO Europe,France,2017-W15,ILI,0.0,2.007486731,0.341696454,0.0
124,56,2016/2017,EU/EEA,France,2017-W37,ILI,32.5254823,12.86942386,14.90561173,8.874146441
125,57,2016/2017,WHO Europe,France,2017-W37,ILI,32.5254823,12.86942386,14.90561173,8.874146441
126,58,2016/2017,EU/EEA,France,2017-W38,ILI,31.94376683,11.55499803,20.14575385,6.388748156
127,59,2016/2017,WHO Europe,France,2017-W38,ILI,31.94376683,11.55499803,20.14575385,6.388748156
128,60,2016/2017,EU/EEA,France,2017-W39,ILI,38.11500919,17.00389058,26.51134372,7.360602613
129,61,2016/2017,WHO Europe,France,2017-W39,ILI,38.11500919,17.00389058,26.51134372,7.360602613
130,0,2017/2018,EU/EEA,France,2017-W40,ILI,33.58774533,17.23092777,21.80166743,6.61976274
131,1,2017/2018,WHO Europe,France,2017-W40,ILI,33.58774533,17.23092777,21.80166743,6.61976274
132,2,2017/2018,EU/EEA,France,2017-W41,ILI,36.85041035,24.42442189,16.90322177,14.80883145
133,3,2017/2018,WHO Europe,France,2017-W41,ILI,36.85041035,24.42442189,16.90322177,14.80883145
134,4,2017/2018,EU/EEA,France,2017-W42,ILI,36.67336651,12.31975488,13.07287621,16.04356457
135,5,2017/2018,WHO Europe,France,2017-W42,ILI,36.67336651,12.31975488,13.07287621,16.04356457
136,6,2017/2018,EU/EEA,France,2017-W43,ILI,19.01956663,4.911172894,12.16726113,8.324491051
137,7,2017/2018,WHO Europe,France,2017-W43,ILI,19.01956663,4.911172894,12.16726113,8.324491051
138,8,2017/2018,EU/EEA,France,2017-W44,ILI,38.14030117,3.202419308,13.16367666,10.02921936
139,9,2017/2018,WHO Europe,France,2017-W44,ILI,38.14030117,3.202419308,13.16367666,10.02921936
140,10,2017/2018,EU/EEA,France,2017-W45,ILI,34.70059231,17.97178597,22.82436731,12.80139437
141,11,2017/2018,WHO Europe,France,2017-W45,ILI,34.70059231,17.97178597,22.82436731,12.80139437
142,12,2017/2018,EU/EEA,France,2017-W46,ILI,61.86417551,35.16686576,17.36439251,5.910786947
143,13,2017/2018,WHO Europe,France,2017-W46,ILI,61.86417551,35.16686576,17.36439251,5.910786947
144,14,2017/2018,EU/EEA,France,2017-W47,ILI,91.53166442,61.5151291,34.25327736,14.89645767
145,15,2017/2018,WHO Europe,France,2017-W47,ILI,91.53166442,61.5151291,34.25327736,14.89645767
146,16,2017/2018,EU/EEA,France,2017-W48,ILI,129.7731335,72.03053579,56.91277015,20.63995819
147,17,2017/2018,WHO Europe,France,2017-W48,ILI,129.7731335,72.03053579,56.91277015,20.63995819
148,18,2017/2018,EU/EEA,France,2017-W49,ILI,311.9259512,137.7040303,88.34406491,23.57941963
149,19,2017/2018,WHO Europe,France,2017-W49,ILI,311.9259512,137.7040303,88.34406491,23.57941963
150,20,2017/2018,EU/EEA,France,2017-W50,ILI,511.2773131,323.5518941,184.8076022,39.04146473
151,21,2017/2018,WHO Europe,France,2017-W50,ILI,511.2773131,323.5518941,184.8076022,39.04146473
152,22,2017/2018,EU/EEA,France,2017-W51,ILI,998.704292,621.3410418,297.2209565,108.1466895
153,23,2017/2018,WHO Europe,France,2017-W51,ILI,998.704292,621.3410418,297.2209565,108.1466895
154,24,2017/2018,EU/EEA,France,2017-W52,ILI,1163.607981,646.9962442,405.0106559,234.7187836
155,25,2017/2018,WHO Europe,France,2017-W52,ILI,1163.607981,646.9962442,405.0106559,234.7187836
156,26,2017/2018,EU/EEA,France,2018-W01,ILI,619.6787261,283.019781,390.0261912,191.8297311
157,27,2017/2018,WHO Europe,France,2018-W01,ILI,619.6787261,283.019781,390.0261912,191.8297311
158,28,2017/2018,EU/EEA,France,2018-W02,ILI,756.3059854,404.3293363,281.5674357,131.4632304
159,29,2017/2018,WHO Europe,France,2018-W02,ILI,756.3059854,404.3293363,281.5674357,131.4632304
160,30,2017/2018,EU/EEA,France,2018-W03,ILI,691.7102764,525.1131213,228.4228845,91.13127045
161,31,2017/2018,WHO Europe,France,2018-W03,ILI,691.7102764,525.1131213,228.4228845,91.13127045
162,32,2017/2018,EU/EEA,France,2018-W04,ILI,684.8561506,506.8426022,237.7538261,51.69150472
163,33,2017/2018,WHO Europe,France,2018-W04,ILI,684.8561506,506.8426022,237.7538261,51.69150472
164,34,2017/2018,EU/EEA,France,2018-W05,ILI,649.7003027,414.7969457,218.1791593,48.83170349
165,35,2017/2018,WHO Europe,France,2018-W05,ILI,649.7003027,414.7969457,218.1791593,48.83170349
166,36,2017/2018,EU/EEA,France,2018-W06,ILI,462.0338341,399.071633,193.3667399,49.55661132
167,37,2017/2018,WHO Europe,France,2018-W06,ILI,462.0338341,399.071633,193.3667399,49.55661132
168,38,2017/2018,EU/EEA,France,2018-W07,ILI,402.4965205,344.2600756,213.8422428,55.13282542
169,39,2017/2018,WHO Europe,France,2018-W07,ILI,402.4965205,344.2600756,213.8422428,55.13282542
170,40,2017/2018,EU/EEA,France,2018-W08,ILI,277.5794465,273.4125231,210.4897944,79.05478391
171,41,2017/2018,WHO Europe,France,2018-W08,ILI,277.5794465,273.4125231,210.4897944,79.05478391
172,42,2017/2018,EU/EEA,France,2018-W09,ILI,254.3361198,166.8962331,181.9426089,66.74728279
173,43,2017/2018,WHO Europe,France,2018-W09,ILI,254.3361198,166.8962331,181.9426089,66.74728279
174,44,2017/2018,EU/EEA,France,2018-W10,ILI,229.4993984,177.8537649,146.0573128,67.1455838
175,45,2017/2018,WHO Europe,France,2018-W10,ILI,229.4993984,177.8537649,146.0573128,67.1455838
176,46,2017/2018,EU/EEA,France,2018-W11,ILI,109.3119242,116.6373689,106.6977045,51.16574739
177,47,2017/2018,WHO Europe,France,2018-W11,ILI,109.3119242,116.6373689,106.6977045,51.16574739
178,48,2017/2018,EU/EEA,France,2018-W12,ILI,63.76107378,128.7539852,82.7693948,32.96339136
179,49,2017/2018,WHO Europe,France,2018-W12,ILI,63.76107378,128.7539852,82.7693948,32.96339136
180,50,2017/2018,EU/EEA,France,2018-W13,ILI,68.54125741,69.97525175,52.68338048,16.55338986
181,51,2017/2018,WHO Europe,France,2018-W13,ILI,68.54125741,69.97525175,52.68338048,16.55338986
182,52,2017/2018,EU/EEA,France,2018-W14,ILI,58.62680246,41.64340033,37.82077949,8.24483085
183,53,2017/2018,WHO Europe,France,2018-W14,ILI,58.62680246,41.64340033,37.82077949,8.24483085
184,54,2017/2018,EU/EEA,France,2018-W15,ILI,32.17139462,22.04650606,25.72520293,20.36911351
185,55,2017/2018,WHO Europe,France,2018-W15,ILI,32.17139462,22.04650606,25.72520293,20.36911351
186,56,2017/2018,EU/EEA,France,2018-W16,ILI,20.73942106,13.08451173,6.054956737,9.296345509
187,57,2017/2018,WHO Europe,France,2018-W16,ILI,20.73942106,13.08451173,6.054956737,9.296345509
188,58,2017/2018,EU/EEA,France,2018-W37,ILI,20.18299757,2.138929314,8.817202194,1.975572996
189,59,2017/2018,WHO Europe,France,2018-W37,ILI,20.18299757,2.138929314,8.817202194,1.975572996
190,60,2017/2018,EU/EEA,France,2018-W38,ILI,10.01562285,19.64469158,11.31899371,4.556563523
191,61,2017/2018,WHO Europe,France,2018-W38,ILI,10.01562285,19.64469158,11.31899371,4.556563523
192,62,2017/2018,EU/EEA,France,2018-W39,ILI,0.0,7.731213778,13.44563597,7.16941813
193,63,2017/2018,WHO Europe,France,2018-W39,ILI,0.0,7.731213778,13.44563597,7.16941813
194,0,2018/2019,EU/EEA,France,2018-W40,ILI,8.548688194,6.596027829,13.59856306,6.59586468
195,1,2018/2019,WHO Europe,France,2018-W40,ILI,8.548688194,6.596027829,13.59856306,6.59586468
196,2,2018/2019,EU/EEA,France,2018-W41,ILI,24.17912992,14.38698824,13.88052237,0.629315591
197,3,2018/2019,WHO Europe,France,2018-W41,ILI,24.17912992,14.38698824,13.88052237,0.629315591
198,4,2018/2019,EU/EEA,France,2018-W42,ILI,32.50019032,8.006048271,13.29270889,2.142859419
199,5,2018/2019,WHO Europe,France,2018-W42,ILI,32.50019032,8.006048271,13.29270889,2.142859419
200,6,2018/2019,EU/EEA,France,2018-W43,ILI,11.98839705,3.895480203,12.68100055,3.528946924
201,7,2018/2019,WHO Europe,France,2018-W43,ILI,11.98839705,3.895480203,12.68100055,3.528946924
202,8,2018/2019,EU/EEA,France,2018-W44,ILI,8.346352378,3.286064589,12.81242227,4.930966469
203,9,2018/2019,WHO Europe,France,2018-W44,ILI,8.346352378,3.286064589,12.81242227,4.930966469
204,10,2018/2019,EU/EEA,France,2018-W45,ILI,21.29584455,5.675929744,20.9223367,7.902291983
205,11,2018/2019,WHO Europe,France,2018-W45,ILI,21.29584455,5.675929744,20.9223367,7.902291983
206,12,2018/2019,EU/EEA,France,2018-W46,ILI,46.99249309,10.27642017,19.7204254,2.445568184
207,13,2018/2019,WHO Europe,France,2018-W46,ILI,46.99249309,10.27642017,19.7204254,2.445568184
208,14,2018/2019,EU/EEA,France,2018-W47,ILI,47.7512524,28.3676994,25.12066305,9.35210765
209,15,2018/2019,WHO Europe,France,2018-W47,ILI,47.7512524,28.3676994,25.12066305,9.35210765
210,16,2018/2019,EU/EEA,France,2018-W48,ILI,47.8524203,34.40210891,33.40262045,5.982481128
211,17,2018/2019,WHO Europe,France,2018-W48,ILI,47.8524203,34.40210891,33.40262045,5.982481128
212,18,2018/2019,EU/EEA,France,2018-W49,ILI,104.5823245,28.48719265,29.52687467,6.866709365
213,19,2018/2019,WHO Europe,France,2018-W49,ILI,104.5823245,28.48719265,29.52687467,6.866709365
214,20,2018/2019,EU/EEA,France,2018-W50,ILI,149.2226637,49.70919523,38.34168737,13.34308374
215,21,2018/2019,WHO Europe,France,2018-W50,ILI,149.2226637,49.70919523,38.34168737,13.34308374
216,22,2018/2019,EU/EEA,France,2018-W51,ILI,158.4542353,97.14801857,53.92830253,18.28201623
217,23,2018/2019,WHO Europe,France,2018-W51,ILI,158.4542353,97.14801857,53.92830253,18.28201623
218,24,2018/2019,EU/EEA,France,2018-W52,ILI,112.2457935,63.70185572,59.91157469,24.38398766
219,25,2018/2019,WHO Europe,France,2018-W52,ILI,112.2457935,63.70185572,59.91157469,24.38398766
220,26,2018/2019,EU/EEA,France,2019-W01,ILI,109.2847872,106.7736061,84.15297372,28.60558267
221,27,2018/2019,WHO Europe,France,2019-W01,ILI,109.2847872,106.7736061,84.15297372,28.60558267
222,28,2018/2019,EU/EEA,France,2019-W02,ILI,203.3613925,137.8329834,128.6665995,38.85513998
223,29,2018/2019,WHO Europe,France,2019-W02,ILI,203.3613925,137.8329834,128.6665995,38.85513998
224,30,2018/2019,EU/EEA,France,2019-W03,ILI,558.6124428,462.1963719,202.4382512,59.43966757
225,31,2018/2019,WHO Europe,France,2019-W03,ILI,558.6124428,462.1963719,202.4382512,59.43966757
226,32,2018/2019,EU/EEA,France,2019-W04,ILI,892.6708642,776.5839412,331.3100054,93.95427533
227,33,2018/2019,WHO Europe,France,2019-W04,ILI,892.6708642,776.5839412,331.3100054,93.95427533
228,34,2018/2019,EU/EEA,France,2019-W05,ILI,1333.488526,1260.709701,472.5281176,114.0107954
229,35,2018/2019,WHO Europe,France,2019-W05,ILI,1333.488526,1260.709701,472.5281176,114.0107954
230,36,2018/2019,EU/EEA,France,2019-W06,ILI,1493.476404,1204.374932,545.40747,173.9318816
231,37,2018/2019,WHO Europe,France,2019-W06,ILI,1493.476404,1204.374932,545.40747,173.9318816
232,38,2018/2019,EU/EEA,France,2019-W07,ILI,1207.732784,739.852527,441.3940385,196.3489058
233,39,2018/2019,WHO Europe,France,2019-W07,ILI,1207.732784,739.852527,441.3940385,196.3489058
234,40,2018/2019,EU/EEA,France,2019-W08,ILI,617.386301,289.3609505,272.4429661,129.1133628
235,41,2018/2019,WHO Europe,France,2019-W08,ILI,617.386301,289.3609505,272.4429661,129.1133628
236,42,2018/2019,EU/EEA,France,2019-W09,ILI,310.1755365,150.1970286,143.3042636,54.37700745
237,43,2018/2019,WHO Europe,France,2019-W09,ILI,310.1755365,150.1970286,143.3042636,54.37700745
238,44,2018/2019,EU/EEA,France,2019-W10,ILI,150.1327559,82.50574667,80.77904407,38.50572325
239,45,2018/2019,WHO Europe,France,2019-W10,ILI,150.1327559,82.50574667,80.77904407,38.50572325
240,46,2018/2019,EU/EEA,France,2019-W11,ILI,118.783038,74.14695551,46.65168378,18.54238095
241,47,2018/2019,WHO Europe,France,2019-W11,ILI,118.783038,74.14695551,46.65168378,18.54238095
242,48,2018/2019,EU/EEA,France,2019-W12,ILI,47.51870551,50.6254167,34.3794781,19.46639407
243,49,2018/2019,WHO Europe,France,2019-W12,ILI,47.51870551,50.6254167,34.3794781,19.46639407
244,50,2018/2019,EU/EEA,France,2019-W13,ILI,50.29131629,35.78607465,27.50555988,6.669977067
245,51,2018/2019,WHO Europe,France,2019-W13,ILI,50.29131629,35.78607465,27.50555988,6.669977067
246,52,2018/2019,EU/EEA,France,2019-W14,ILI,52.26783091,27.5889863,23.3208984,5.870201004
247,53,2018/2019,WHO Europe,France,2019-W14,ILI,52.26783091,27.5889863,23.3208984,5.870201004
248,54,2018/2019,EU/EEA,France,2019-W37,ILI,5.572673148,4.776452091,6.073073384,0.993896466
249,55,2018/2019,WHO Europe,France,2019-W37,ILI,5.572673148,4.776452091,6.073073384,0.993896466
250,56,2018/2019,EU/EEA,France,2019-W38,ILI,17.15724491,4.813768123,8.888389047,2.244031865
251,57,2018/2019,WHO Europe,France,2019-W38,ILI,17.15724491,4.813768123,8.888389047,2.244031865
252,58,2018/2019,EU/EEA,France,2019-W39,ILI,26.16136705,7.052730041,13.00136996,2.41485782
253,59,2018/2019,WHO Europe,France,2019-W39,ILI,26.16136705,7.052730041,13.00136996,2.41485782
254,0,2019/2020,EU/EEA,France,2019-W40,ILI,28.54965554,11.50577652,14.01725648,6.747625228
255,1,2019/2020,WHO Europe,France,2019-W40,ILI,28.54965554,11.50577652,14.01725648,6.747625228
256,2,2019/2020,EU/EEA,France,2019-W41,ILI,21.68675757,10.46092763,11.52573919,6.429267766
257,3,2019/2020,WHO Europe,France,2019-W41,ILI,21.68675757,10.46092763,11.52573919,6.429267766
258,4,2019/2020,EU/EEA,France,2019-W42,ILI,36.73022991,7.027852686,13.42156633,3.214633883
259,5,2019/2020,WHO Europe,France,2019-W42,ILI,36.73022991,7.027852686,13.42156633,3.214633883
260,6,2019/2020,EU/EEA,France,2019-W43,ILI,41.34209735,6.070074533,16.31103429,6.941745632
261,7,2019/2020,WHO Europe,France,2019-W43,ILI,41.34209735,6.070074533,16.31103429,6.941745632
262,8,2019/2020,EU/EEA,France,2019-W44,ILI,4.886383352,14.22984686,14.27431778,5.629491703
263,9,2019/2020,WHO Europe,France,2019-W44,ILI,4.886383352,14.22984686,14.27431778,5.629491703
264,10,2019/2020,EU/EEA,France,2019-W45,ILI,47.73831825,17.07830396,15.08010611,7.182454932
265,11,2019/2020,WHO Europe,France,2019-W45,ILI,47.73831825,17.07830396,15.08010611,7.182454932
266,12,2019/2020,EU/EEA,France,2019-W46,ILI,63.4406288,33.53467406,24.94977727,7.213514197
267,13,2019/2020,WHO Europe,France,2019-W46,ILI,63.4406288,33.53467406,24.94977727,7.213514197
268,14,2019/2020,EU/EEA,France,2019-W47,ILI,48.97363988,43.19952634,31.21070314,6.095380672
269,15,2019/2020,WHO Europe,France,2019-W47,ILI,48.97363988,43.19952634,31.21070314,6.095380672
270,16,2019/2020,EU/EEA,France,2019-W48,ILI,95.36683013,48.77205377,35.43738425,4.930658251
271,17,2019/2020,WHO Europe,France,2019-W48,ILI,95.36683013,48.77205377,35.43738425,4.930658251
272,18,2019/2020,EU/EEA,France,2019-W49,ILI,98.19434409,68.0644423,37.41230718,11.45310381
273,19,2019/2020,WHO Europe,France,2019-W49,ILI,98.19434409,68.0644423,37.41230718,11.45310381
274,20,2019/2020,EU/EEA,France,2019-W50,ILI,169.897902,80.27922343,51.26148511,6.530210376
275,21,2019/2020,WHO Europe,France,2019-W50,ILI,169.897902,80.27922343,51.26148511,6.530210376
276,22,2019/2020,EU/EEA,France,2019-W51,ILI,159.3290392,92.84228752,37.93384503,9.092599703
277,23,2019/2020,WHO Europe,France,2019-W51,ILI,159.3290392,92.84228752,37.93384503,9.092599703
278,24,2019/2020,EU/EEA,France,2019-W52,ILI,108.2965299,49.44374235,45.11425943,15.24233409
279,25,2019/2020,WHO Europe,France,2019-W52,ILI,108.2965299,49.44374235,45.11425943,15.24233409
280,26,2019/2020,EU/EEA,France,2020-W01,ILI,63.09297405,44.07031012,68.8842138,26.07122348
281,27,2019/2020,WHO Europe,France,2020-W01,ILI,63.09297405,44.07031012,68.8842138,26.07122348
282,28,2019/2020,EU/EEA,France,2020-W02,ILI,138.6244381,112.9577688,89.52385563,28.5306292
283,29,2019/2020,WHO Europe,France,2020-W02,ILI,138.6244381,112.9577688,89.52385563,28.5306292
284,30,2019/2020,EU/EEA,France,2020-W03,ILI,331.5617397,237.2075295,111.2953568,23.52806091
285,31,2019/2020,WHO Europe,France,2020-W03,ILI,331.5617397,237.2075295,111.2953568,23.52806091
286,32,2019/2020,EU/EEA,France,2020-W04,ILI,480.9924677,456.1838543,163.0250605,27.00777736
287,33,2019/2020,WHO Europe,France,2020-W04,ILI,480.9924677,456.1838543,163.0250605,27.00777736
288,34,2019/2020,EU/EEA,France,2020-W05,ILI,766.3460613,710.6510988,245.6159667,43.11954981
289,35,2019/2020,WHO Europe,France,2020-W05,ILI,766.3460613,710.6510988,245.6159667,43.11954981
290,36,2019/2020,EU/EEA,France,2020-W06,ILI,909.6138271,783.563301,260.4296424,57.48765691
291,37,2019/2020,WHO Europe,France,2020-W06,ILI,909.6138271,783.563301,260.4296424,57.48765691
292,38,2019/2020,EU/EEA,France,2020-W07,ILI,876.8291193,694.7792264,224.7723414,53.50539935
293,39,2019/2020,WHO Europe,France,2020-W07,ILI,876.8291193,694.7792264,224.7723414,53.50539935
294,40,2019/2020,EU/EEA,France,2020-W08,ILI,698.3002044,461.0160698,187.9981067,51.96731899
295,41,2019/2020,WHO Europe,France,2020-W08,ILI,698.3002044,461.0160698,187.9981067,51.96731899
296,42,2019/2020,EU/EEA,France,2020-W09,ILI,490.3916886,252.1331456,162.7165978,59.96229114
297,43,2019/2020,WHO Europe,France,2020-W09,ILI,490.3916886,252.1331456,162.7165978,59.96229114
298,44,2019/2020,EU/EEA,France,2020-W10,ILI,395.6959448,285.2899664,155.9055408,48.06881828
299,45,2019/2020,WHO Europe,France,2020-W10,ILI,395.6959448,285.2899664,155.9055408,48.06881828
300,46,2019/2020,EU/EEA,France,2020-W11,ILI,459.5768775,366.8446428,210.6999714,47.62719125
301,47,2019/2020,WHO Europe,France,2020-W11,ILI,459.5768775,366.8446428,210.6999714,47.62719125
302,48,2019/2020,EU/EEA,France,2020-W31,ILI,13.19830724,4.390629236,4.370718416,3.898500707
303,49,2019/2020,WHO Europe,France,2020-W31,ILI,13.19830724,4.390629236,4.370718416,3.898500707
304,50,2019/2020,EU/EEA,France,2020-W32,ILI,0.0,2.636900892,2.713974839,10.94930472
305,51,2019/2020,WHO Europe,France,2020-W32,ILI,0.0,2.636900892,2.713974839,10.94930472
306,52,2019/2020,EU/EEA,France,2020-W33,ILI,0.0,2.927086158,3.330900375,13.40871044
307,53,2019/2020,WHO Europe,France,2020-W33,ILI,0.0,2.927086158,3.330900375,13.40871044
308,54,2019/2020,EU/EEA,France,2020-W34,ILI,4.784034607,1.11027406,6.176718171,13.73612358
309,55,2019/2020,WHO Europe,France,2020-W34,ILI,4.784034607,1.11027406,6.176718171,13.73612358
310,56,2019/2020,EU/EEA,France,2020-W35,ILI,24.42671788,3.684091198,13.95545265,6.167549946
311,57,2019/2020,WHO Europe,France,2020-W35,ILI,24.42671788,3.684091198,13.95545265,6.167549946
312,58,2019/2020,EU/EEA,France,2020-W36,ILI,31.15250771,9.576113766,10.40813082,2.566005348
313,59,2019/2020,WHO Europe,France,2020-W36,ILI,31.15250771,9.576113766,10.40813082,2.566005348
314,60,2019/2020,EU/EEA,France,2020-W37,ILI,29.09818696,36.41194246,20.90332774,5.459423841
315,61,2019/2020,WHO Europe,France,2020-W37,ILI,29.09818696,36.41194246,20.90332774,5.459423841
316,62,2019/2020,EU/EEA,France,2020-W38,ILI,34.19177675,39.78061489,35.17968118,13.53053859
317,63,2019/2020,WHO Europe,France,2020-W38,ILI,34.19177675,39.78061489,35.17968118,13.53053859
318,64,2019/2020,EU/EEA,France,2020-W39,ILI,2.363875924,21.14567414,31.6771362,7.256389011
319,65,2019/2020,WHO Europe,France,2020-W39,ILI,2.363875924,21.14567414,31.6771362,7.256389011
320,0,2020/2021,EU/EEA,France,2020-W40,ILI,15.87173834,27.58021699,30.35373142,15.49501746
321,1,2020/2021,WHO Europe,France,2020-W40,ILI,15.87173834,27.58021699,30.35373142,15.49501746
322,2,2020/2021,EU/EEA,France,2020-W41,ILI,33.65709053,26.52040993,47.13012584,16.36304301
323,3,2020/2021,WHO Europe,France,2020-W41,ILI,33.65709053,26.52040993,47.13012584,16.36304301
324,4,2020/2021,EU/EEA,France,2020-W42,ILI,44.37895633,31.76897821,58.9163887,16.98741226
325,5,2020/2021,WHO Europe,France,2020-W42,ILI,44.37895633,31.76897821,58.9163887,16.98741226
326,6,2020/2021,EU/EEA,France,2020-W43,ILI,26.53732138,20.19941784,73.06587439,38.66520818
327,7,2020/2021,WHO Europe,France,2020-W43,ILI,26.53732138,20.19941784,73.06587439,38.66520818
328,8,2020/2021,EU/EEA,France,2020-W44,ILI,6.92277949,15.17795107,70.6479243,35.96214617
329,9,2020/2021,WHO Europe,France,2020-W44,ILI,6.92277949,15.17795107,70.6479243,35.96214617
330,10,2020/2021,EU/EEA,France,2020-W45,ILI,11.48168306,18.19335448,61.18508261,49.56882734
331,11,2020/2021,WHO Europe,France,2020-W45,ILI,11.48168306,18.19335448,61.18508261,49.56882734
332,12,2020/2021,EU/EEA,France,2020-W46,ILI,22.03470057,11.1279741,32.91347488,30.64739325
333,13,2020/2021,WHO Europe,France,2020-W46,ILI,22.03470057,11.1279741,32.91347488,30.64739325
334,14,2020/2021,EU/EEA,France,2020-W47,ILI,17.44765563,10.34573556,20.03764191,13.27165377
335,15,2020/2021,WHO Europe,France,2020-W47,ILI,17.44765563,10.34573556,20.03764191,13.27165377
336,16,2020/2021,EU/EEA,France,2020-W48,ILI,22.48496265,9.248078248,21.62722021,7.416288454
337,17,2020/2021,WHO Europe,France,2020-W48,ILI,22.48496265,9.248078248,21.62722021,7.416288454
338,18,2020/2021,EU/EEA,France,2020-W49,ILI,24.37043512,12.51581667,18.02268351,6.967047161
339,19,2020/2021,WHO Europe,France,2020-W49,ILI,24.37043512,12.51581667,18.02268351,6.967047161
340,20,2020/2021,EU/EEA,France,2020-W50,ILI,50.82333236,6.421926096,18.41074957,7.599030674
341,21,2020/2021,WHO Europe,France,2020-W50,ILI,50.82333236,6.421926096,18.41074957,7.599030674
342,22,2020/2021,EU/EEA,France,2020-W51,ILI,33.96664571,18.77372501,20.92820377,9.129496772
343,23,2020/2021,WHO Europe,France,2020-W51,ILI,33.96664571,18.77372501,20.92820377,9.129496772
344,24,2020/2021,EU/EEA,France,2020-W52,ILI,19.83967293,13.63870748,16.99779108,17.22345429
345,25,2020/2021,WHO Europe,France,2020-W52,ILI,19.83967293,13.63870748,16.99779108,17.22345429
346,26,2020/2021,EU/EEA,France,2020-W53,ILI,28.50721798,4.327545483,27.91836811,26.15498033
347,27,2020/2021,WHO Europe,France,2020-W53,ILI,28.50721798,4.327545483,27.91836811,26.15498033
348,28,2020/2021,EU/EEA,France,2021-W01,ILI,27.25291735,15.31702062,26.37427472,23.90485333
349,29,2020/2021,WHO Europe,France,2021-W01,ILI,27.25291735,15.31702062,26.37427472,23.90485333
350,30,2020/2021,EU/EEA,France,2021-W02,ILI,39.95192072,20.2963161,19.83379435,15.88453718
351,31,2020/2021,WHO Europe,France,2021-W02,ILI,39.95192072,20.2963161,19.83379435,15.88453718
352,32,2020/2021,EU/EEA,France,2021-W03,ILI,53.56411085,32.34014503,24.59800217,13.25321937
353,33,2020/2021,WHO Europe,France,2021-W03,ILI,53.56411085,32.34014503,24.59800217,13.25321937
354,34,2020/2021,EU/EEA,France,2021-W04,ILI,121.139931,22.54584554,25.68974774,14.27898733
355,35,2020/2021,WHO Europe,France,2021-W04,ILI,121.139931,22.54584554,25.68974774,14.27898733
356,36,2020/2021,EU/EEA,France,2021-W05,ILI,72.11321689,27.41140077,21.57509107,17.83200968
357,37,2020/2021,WHO Europe,France,2021-W05,ILI,72.11321689,27.41140077,21.57509107,17.83200968
358,38,2020/2021,EU/EEA,France,2021-W06,ILI,100.3363952,26.71632145,24.48308158,9.915756948
359,39,2020/2021,WHO Europe,France,2021-W06,ILI,100.3363952,26.71632145,24.48308158,9.915756948
360,40,2020/2021,EU/EEA,France,2021-W07,ILI,91.91795474,14.50820105,24.38065236,10.44350713
361,41,2020/2021,WHO Europe,France,2021-W07,ILI,91.91795474,14.50820105,24.38065236,10.44350713
362,42,2020/2021,EU/EEA,France,2021-W08,ILI,80.10360104,11.14654471,23.47627731,12.66600438
363,43,2020/2021,WHO Europe,France,2021-W08,ILI,80.10360104,11.14654471,23.47627731,12.66600438
364,44,2020/2021,EU/EEA,France,2021-W09,ILI,42.12073927,22.2425382,17.02073824,13.27551867
365,45,2020/2021,WHO Europe,France,2021-W09,ILI,42.12073927,22.2425382,17.02073824,13.27551867
366,46,2020/2021,EU/EEA,France,2021-W10,ILI,85.01197987,25.5283677,20.9755054,10.99355662
367,47,2020/2021,WHO Europe,France,2021-W10,ILI,85.01197987,25.5283677,20.9755054,10.99355662
368,48,2020/2021,EU/EEA,France,2021-W11,ILI,120.9116343,24.27722493,26.51417804,16.46431907
369,49,2020/2021,WHO Europe,France,2021-W11,ILI,120.9116343,24.27722493,26.51417804,16.46431907
370,50,2020/2021,EU/EEA,France,2021-W12,ILI,94.02969912,39.87227728,33.92905418,18.35975987
371,51,2020/2021,WHO Europe,France,2021-W12,ILI,94.02969912,39.87227728,33.92905418,18.35975987
372,52,2020/2021,EU/EEA,France,2021-W13,ILI,83.35682887,19.26001603,30.00926285,12.34638103
373,53,2020/2021,WHO Europe,France,2021-W13,ILI,83.35682887,19.26001603,30.00926285,12.34638103
374,54,2020/2021,EU/EEA,France,2021-W14,ILI,30.53468226,8.075557902,25.08016898,13.4613462
375,55,2020/2021,WHO Europe,France,2021-W14,ILI,30.53468226,8.075557902,25.08016898,13.4613462
376,56,2020/2021,EU/EEA,France,2021-W15,ILI,66.69117051,2.578112382,26.20938866,7.641227993
377,57,2020/2021,WHO Europe,France,2021-W15,ILI,66.69117051,2.578112382,26.20938866,7.641227993
