,week,inc,inc_low,inc_up,inc100,inc100_low,inc100_up
0,202138,15479,12169.0,18789.0,23,18.0,28.0
1,202137,13673,10404.0,16942.0,21,16.0,26.0
2,202136,10289,7505.0,13073.0,16,12.0,20.0
3,202135,12609,9282.0,15936.0,19,14.0,24.0
4,202134,13015,9485.0,16545.0,20,15.0,25.0
5,202133,10392,7042.0,13742.0,16,11.0,21.0
6,202132,15586,11009.0,20163.0,24,17.0,31.0
7,202131,18855,13664.0,24046.0,29,21.0,37.0
8,202130,13991,9695.0,18287.0,21,14.0,28.0
9,202129,13626,9618.0,17634.0,21,15.0,27.0
10,202128,8636,5430.0,11842.0,13,8.0,18.0
11,202127,10693,6838.0,14548.0,16,10.0,22.0
12,202126,7086,4109.0,10063.0,11,6.0,16.0
13,202125,7942,5540.0,10344.0,12,8.0,16.0
14,202124,4855,3011.0,6699.0,7,4.0,10.0
15,202123,6710,4455.0,8965.0,10,7.0,13.0
16,202122,7879,5495.0,10263.0,12,8.0,16.0
17,202121,7827,5403.0,10251.0,12,8.0,16.0
18,202120,10278,7540.0,13016.0,16,12.0,20.0
19,202119,9539,6860.0,12218.0,14,10.0,18.0
20,202118,12135,9165.0,15105.0,18,14.0,22.0
21,202117,12058,8891.0,15225.0,18,13.0,23.0
22,202116,16505,12735.0,20275.0,25,19.0,31.0
23,202115,19306,15398.0,23214.0,29,23.0,35.0
24,202114,21073,17099.0,25047.0,32,26.0,38.0
25,202113,26413,22094.0,30732.0,40,33.0,47.0
26,202112,30658,25919.0,35397.0,46,39.0,53.0
27,202111,24988,20718.0,29258.0,38,32.0,44.0
28,202110,19539,15951.0,23127.0,30,25.0,35.0
29,202109,17572,13926.0,21218.0,27,21.0,33.0
30,202108,20882,16907.0,24857.0,32,26.0,38.0
31,202107,22393,18303.0,26483.0,34,28.0,40.0
32,202106,23183,19134.0,27232.0,35,29.0,41.0
33,202105,22426,18445.0,26407.0,34,28.0,40.0
34,202104,25804,21491.0,30117.0,39,32.0,46.0
35,202103,21810,17894.0,25726.0,33,27.0,39.0
36,202102,17320,13906.0,20734.0,26,21.0,31.0
37,202101,21799,17778.0,25820.0,33,27.0,39.0
38,202053,21220,16498.0,25942.0,32,25.0,39.0
39,202052,16428,12285.0,20571.0,25,19.0,31.0
40,202051,21619,17370.0,25868.0,33,27.0,39.0
41,202050,16845,13220.0,20470.0,26,20.0,32.0
42,202049,12939,9923.0,15955.0,20,15.0,25.0
43,202048,13804,10641.0,16967.0,21,16.0,26.0
44,202047,19085,15285.0,22885.0,29,23.0,35.0
45,202046,24801,20503.0,29099.0,38,31.0,45.0
46,202045,42516,36857.0,48175.0,65,56.0,74.0
47,202044,44567,38521.0,50613.0,68,59.0,77.0
48,202043,43799,37581.0,50017.0,67,58.0,76.0
49,202042,35183,29847.0,40519.0,53,45.0,61.0
50,202041,27926,23251.0,32601.0,42,35.0,49.0
51,202040,20443,16381.0,24505.0,31,25.0,37.0
52,202039,19810,15900.0,23720.0,30,24.0,36.0
53,202038,25559,21141.0,29977.0,39,32.0,46.0
54,202037,18485,14649.0,22321.0,28,22.0,34.0
55,202036,10390,7646.0,13134.0,16,12.0,20.0
56,202035,9918,6842.0,12994.0,15,10.0,20.0
57,202034,6084,3090.0,9078.0,9,4.0,14.0
58,202033,6106,3411.0,8801.0,9,5.0,13.0
59,202032,5918,3330.0,8506.0,9,5.0,13.0
60,202031,4351,2269.0,6433.0,7,4.0,10.0
61,202030,8179,5442.0,10916.0,12,8.0,16.0
62,202029,8687,5860.0,11514.0,13,9.0,17.0
63,202028,8325,5688.0,10962.0,13,9.0,17.0
64,202027,4066,2406.0,5726.0,6,3.0,9.0
65,202026,4039,2389.0,5689.0,6,3.0,9.0
66,202025,2853,1488.0,4218.0,4,2.0,6.0
67,202024,3058,1690.0,4426.0,5,3.0,7.0
68,202023,4168,2468.0,5868.0,6,3.0,9.0
69,202022,3580,1947.0,5213.0,5,3.0,7.0
70,202021,6114,4026.0,8202.0,9,6.0,12.0
71,202020,9315,6775.0,11855.0,14,10.0,18.0
72,202019,11679,8722.0,14636.0,18,14.0,22.0
73,202018,16398,12851.0,19945.0,25,20.0,30.0
74,202017,18082,14454.0,21710.0,27,21.0,33.0
75,202016,24165,19893.0,28437.0,37,31.0,43.0
76,202015,41049,35377.0,46721.0,62,53.0,71.0
77,202014,71666,64531.0,78801.0,109,98.0,120.0
78,202013,107742,99187.0,116297.0,164,151.0,177.0
79,202012,107283,98610.0,115956.0,163,150.0,176.0
80,202011,112943,104468.0,121418.0,172,159.0,185.0
81,202010,105145,96812.0,113478.0,160,147.0,173.0
82,202009,110696,102066.0,119326.0,168,155.0,181.0
83,202008,143753,133984.0,153522.0,218,203.0,233.0
84,202007,183610,172812.0,194408.0,279,263.0,295.0
85,202006,206669,195481.0,217857.0,314,297.0,331.0
86,202005,187957,177445.0,198469.0,285,269.0,301.0
87,202004,122331,113492.0,131170.0,186,173.0,199.0
88,202003,78413,71330.0,85496.0,119,108.0,130.0
89,202002,53614,47654.0,59574.0,81,72.0,90.0
90,202001,36850,31608.0,42092.0,56,48.0,64.0
91,201952,28135,23220.0,33050.0,43,36.0,50.0
92,201951,29786,25042.0,34530.0,45,38.0,52.0
93,201950,34223,29156.0,39290.0,52,44.0,60.0
94,201949,25662,21414.0,29910.0,39,33.0,45.0
95,201948,22367,18055.0,26679.0,34,27.0,41.0
96,201947,18669,14759.0,22579.0,28,22.0,34.0
97,201946,16030,12567.0,19493.0,24,19.0,29.0
98,201945,10138,7160.0,13116.0,15,10.0,20.0
99,201944,7822,5010.0,10634.0,12,8.0,16.0
100,201943,9487,6448.0,12526.0,14,9.0,19.0
101,201942,7747,5243.0,10251.0,12,8.0,16.0
102,201941,7122,4720.0,9524.0,11,7.0,15.0
103,201940,8505,5784.0,11226.0,13,9.0,17.0
104,201939,7091,4462.0,9720.0,11,7.0,15.0
105,201938,4897,2891.0,6903.0,7,4.0,10.0
106,201937,3172,1367.0,4977.0,5,2.0,8.0
107,201936,2295,728.0,3862.0,3,1.0,5.0
108,201935,1010,2.0,2018.0,2,0.0,4.0
109,201934,1672,279.0,3065.0,3,1.0,5.0
110,201933,1593,68.0,3118.0,2,0.0,4.0
111,201932,1592,71.0,3113.0,2,0.0,4.0
112,201931,2337,695.0,3979.0,4,2.0,6.0
113,201930,1944,415.0,3473.0,3,1.0,5.0
114,201929,2096,420.0,3772.0,3,0.0,6.0
115,201928,1195,125.0,2265.0,2,0.0,4.0
116,201927,2466,848.0,4084.0,4,2.0,6.0
117,201926,1798,402.0,3194.0,3,1.0,5.0
118,201925,1544,389.0,2699.0,2,0.0,4.0
119,201924,876,17.0,1735.0,1,0.0,2.0
120,201923,2004,748.0,3260.0,3,1.0,5.0
121,201922,2181,602.0,3760.0,3,1.0,5.0
122,201921,2585,1102.0,4068.0,4,2.0,6.0
123,201920,2891,1202.0,4580.0,4,1.0,7.0
124,201919,3221,1509.0,4933.0,5,2.0,8.0
125,201918,1385,278.0,2492.0,2,0.0,4.0
126,201917,3166,1348.0,4984.0,5,2.0,8.0
127,201916,3842,1973.0,5711.0,6,3.0,9.0
128,201915,5932,3669.0,8195.0,9,6.0,12.0
129,201914,12675,9167.0,16183.0,19,14.0,24.0
130,201913,16513,12530.0,20496.0,25,19.0,31.0
131,201912,22184,17786.0,26582.0,34,27.0,41.0
132,201911,31553,26556.0,36550.0,48,40.0,56.0
133,201910,49742,43268.0,56216.0,76,66.0,86.0
134,201909,88354,79564.0,97144.0,134,121.0,147.0
135,201908,172604,160024.0,185184.0,262,243.0,281.0
136,201907,307338,291220.0,323456.0,467,443.0,491.0
137,201906,394286,376782.0,411790.0,599,572.0,626.0
138,201905,355785,339295.0,372275.0,540,515.0,565.0
139,201904,241090,227261.0,254919.0,366,345.0,387.0
140,201903,147063,135890.0,158236.0,223,206.0,240.0
141,201902,75548,67632.0,83464.0,115,103.0,127.0
142,201901,50295,43525.0,57065.0,76,66.0,86.0
143,201852,37903,31375.0,44431.0,58,48.0,68.0
144,201851,39259,32977.0,45541.0,60,50.0,70.0
145,201850,27781,22638.0,32924.0,42,34.0,50.0
146,201849,19738,15481.0,23995.0,30,24.0,36.0
147,201848,19501,15275.0,23727.0,30,24.0,36.0
148,201847,15949,12105.0,19793.0,24,18.0,30.0
149,201846,11278,7957.0,14599.0,17,12.0,22.0
150,201845,11065,7791.0,14339.0,17,12.0,22.0
151,201844,6586,3875.0,9297.0,10,6.0,14.0
152,201843,6550,3988.0,9112.0,10,6.0,14.0
153,201842,7787,5129.0,10445.0,12,8.0,16.0
154,201841,8048,5098.0,10998.0,12,8.0,16.0
155,201840,7409,4717.0,10101.0,11,7.0,15.0
156,201839,7174,4235.0,10113.0,11,7.0,15.0
157,201838,7349,4399.0,10299.0,11,7.0,15.0
158,201837,4915,2386.0,7444.0,7,3.0,11.0
159,201836,3215,1349.0,5081.0,5,2.0,8.0
160,201835,1506,239.0,2773.0,2,0.0,4.0
161,201834,1368,116.0,2620.0,2,0.0,4.0
162,201833,1962,5.0,3919.0,3,0.0,6.0
163,201832,1839,183.0,3495.0,3,0.0,6.0
164,201831,2048,242.0,3854.0,3,0.0,6.0
165,201830,1951,202.0,3700.0,3,0.0,6.0
166,201829,1951,252.0,3650.0,3,0.0,6.0
167,201828,1654,52.0,3256.0,3,1.0,5.0
168,201827,3266,1145.0,5387.0,5,2.0,8.0
169,201826,3758,1493.0,6023.0,6,3.0,9.0
170,201825,4580,2220.0,6940.0,7,3.0,11.0
171,201824,3223,1351.0,5095.0,5,2.0,8.0
172,201823,1207,136.0,2278.0,2,0.0,4.0
173,201822,3202,1330.0,5074.0,5,2.0,8.0
174,201821,2537,763.0,4311.0,4,1.0,7.0
175,201820,2694,967.0,4421.0,4,1.0,7.0
176,201819,1025,0.0,2098.0,2,0.0,4.0
177,201818,3541,1416.0,5666.0,5,2.0,8.0
178,201817,2573,1003.0,4143.0,4,2.0,6.0
179,201816,4818,2724.0,6912.0,7,4.0,10.0
180,201815,16311,12168.0,20454.0,25,19.0,31.0
181,201814,22666,18092.0,27240.0,35,28.0,42.0
182,201813,32680,25536.0,39824.0,50,39.0,61.0
183,201812,52040,44590.0,59490.0,79,68.0,90.0
184,201811,65159,56506.0,73812.0,99,86.0,112.0
185,201810,93512,83989.0,103035.0,142,128.0,156.0
186,201809,108545,98645.0,118445.0,165,150.0,180.0
187,201808,131870,120950.0,142790.0,201,184.0,218.0
188,201807,141138,130177.0,152099.0,215,198.0,232.0
189,201806,138810,128164.0,149456.0,211,195.0,227.0
190,201805,157839,146646.0,169032.0,240,223.0,257.0
191,201804,175483,163835.0,187131.0,267,249.0,285.0
192,201803,178329,166640.0,190018.0,271,253.0,289.0
193,201802,198079,185663.0,210495.0,302,283.0,321.0
194,201801,235493,220941.0,250045.0,358,336.0,380.0
195,201752,299114,279359.0,318869.0,459,429.0,489.0
196,201751,229448,214366.0,244530.0,352,329.0,375.0
197,201750,129535,118787.0,140283.0,199,183.0,215.0
198,201749,63789,56120.0,71458.0,98,86.0,110.0
199,201748,37568,31541.0,43595.0,58,49.0,67.0
200,201747,24972,19923.0,30021.0,38,30.0,46.0
201,201746,13398,9948.0,16848.0,21,16.0,26.0
202,201745,14035,8091.0,19979.0,22,13.0,31.0
203,201744,8544,5318.0,11770.0,13,8.0,18.0
204,201743,7300,4402.0,10198.0,11,7.0,15.0
205,201742,9966,6503.0,13429.0,15,10.0,20.0
206,201741,12434,8718.0,16150.0,19,13.0,25.0
207,201740,12725,8690.0,16760.0,20,14.0,26.0
208,201739,14949,10534.0,19364.0,23,16.0,30.0
209,201738,11463,7438.0,15488.0,18,12.0,24.0
210,201737,9716,6364.0,13068.0,15,10.0,20.0
211,201736,2815,917.0,4713.0,4,1.0,7.0
212,201735,2794,850.0,4738.0,4,1.0,7.0
213,201734,2497,879.0,4115.0,4,2.0,6.0
214,201733,2406,766.0,4046.0,4,1.0,7.0
215,201732,2667,879.0,4455.0,4,1.0,7.0
216,201731,3256,1158.0,5354.0,5,2.0,8.0
217,201730,3759,1299.0,6219.0,6,2.0,10.0
218,201729,5014,1989.0,8039.0,8,3.0,13.0
219,201728,5271,2576.0,7966.0,8,4.0,12.0
220,201727,3924,1432.0,6416.0,6,2.0,10.0
221,201726,3171,1166.0,5176.0,5,2.0,8.0
222,201725,837,0.0,1721.0,1,0.0,2.0
223,201724,1566,248.0,2884.0,2,0.0,4.0
224,201723,1664,203.0,3125.0,3,1.0,5.0
225,201722,1305,92.0,2518.0,2,0.0,4.0
226,201721,971,0.0,2046.0,1,0.0,3.0
227,201720,2686,793.0,4579.0,4,1.0,7.0
228,201719,3461,1490.0,5432.0,5,2.0,8.0
229,201718,2102,515.0,3689.0,3,1.0,5.0
230,201717,2071,428.0,3714.0,3,0.0,6.0
231,201716,1380,222.0,2538.0,2,0.0,4.0
232,201715,479,0.0,1242.0,1,0.0,2.0
233,201714,1110,0.0,2549.0,2,0.0,4.0
234,201713,7594,3808.0,11380.0,12,6.0,18.0
235,201712,8780,4834.0,12726.0,13,7.0,19.0
236,201711,7814,4329.0,11299.0,12,7.0,17.0
237,201710,11802,7964.0,15640.0,18,12.0,24.0
238,201709,13111,9099.0,17123.0,20,14.0,26.0
239,201708,29545,23136.0,35954.0,45,35.0,55.0
240,201707,59590,49764.0,69416.0,91,76.0,106.0
241,201706,93628,82560.0,104696.0,144,127.0,161.0
242,201705,193677,179255.0,208099.0,297,275.0,319.0
243,201704,256428,240618.0,272238.0,394,370.0,418.0
244,201703,267276,251345.0,283207.0,410,386.0,434.0
245,201702,260588,245070.0,276106.0,400,376.0,424.0
246,201701,255535,239743.0,271327.0,392,368.0,416.0
247,201652,224489,207799.0,241179.0,345,319.0,371.0
248,201651,187704,172655.0,202753.0,288,265.0,311.0
249,201650,126570,115081.0,138059.0,194,176.0,212.0
250,201649,76390,67374.0,85406.0,117,103.0,131.0
251,201648,40502,33949.0,47055.0,62,52.0,72.0
252,201647,22270,17612.0,26928.0,34,27.0,41.0
253,201646,20816,16125.0,25507.0,32,25.0,39.0
254,201645,15957,11448.0,20466.0,24,17.0,31.0
255,201644,15145,10357.0,19933.0,23,16.0,30.0
256,201643,9378,5830.0,12926.0,14,9.0,19.0
257,201642,12920,9044.0,16796.0,20,14.0,26.0
258,201641,13909,9709.0,18109.0,21,15.0,27.0
259,201640,13379,8969.0,17789.0,21,14.0,28.0
260,201639,10598,6814.0,14382.0,16,10.0,22.0
261,201638,5969,3073.0,8865.0,9,5.0,13.0
262,201637,4065,1538.0,6592.0,6,2.0,10.0
263,201636,2372,473.0,4271.0,4,1.0,7.0
264,201635,3420,1350.0,5490.0,5,2.0,8.0
265,201634,2233,0.0,4643.0,3,0.0,7.0
266,201633,1567,0.0,3938.0,2,0.0,6.0
267,201632,2100,93.0,4107.0,3,0.0,6.0
268,201631,3691,0.0,9120.0,6,0.0,14.0
269,201630,3209,644.0,5774.0,5,1.0,9.0
270,201629,1469,0.0,3073.0,2,0.0,4.0
271,201628,2725,357.0,5093.0,4,0.0,8.0
272,201627,5905,2343.0,9467.0,9,4.0,14.0
273,201626,4186,1636.0,6736.0,6,2.0,10.0
274,201625,4611,1560.0,7662.0,7,2.0,12.0
275,201624,4977,2404.0,7550.0,8,4.0,12.0
276,201623,4893,2416.0,7370.0,8,4.0,12.0
277,201622,5667,3015.0,8319.0,9,5.0,13.0
278,201621,5603,2475.0,8731.0,9,4.0,14.0
279,201620,3908,1679.0,6137.0,6,3.0,9.0
280,201619,4738,2308.0,7168.0,7,3.0,11.0
281,201618,8204,4394.0,12014.0,13,7.0,19.0
282,201617,13385,8822.0,17948.0,21,14.0,28.0
283,201616,25670,19632.0,31708.0,39,30.0,48.0
284,201615,48441,39824.0,57058.0,74,61.0,87.0
285,201614,92603,81261.0,103945.0,142,125.0,159.0
286,201613,170654,156387.0,184921.0,262,240.0,284.0
287,201612,272174,254338.0,290010.0,418,391.0,445.0
288,201611,304543,286453.0,322633.0,467,439.0,495.0
289,201610,261822,245799.0,277845.0,402,377.0,427.0
290,201609,229943,214533.0,245353.0,353,329.0,377.0
291,201608,195067,180874.0,209260.0,299,277.0,321.0
292,201607,207359,193223.0,221495.0,318,296.0,340.0
293,201606,196143,182672.0,209614.0,301,280.0,322.0
294,201605,178963,166296.0,191630.0,275,256.0,294.0
295,201604,148473,136591.0,160355.0,228,210.0,246.0
296,201603,75277,66630.0,83924.0,116,103.0,129.0
297,201602,44617,37821.0,51413.0,68,58.0,78.0
298,201601,42263,35556.0,48970.0,65,55.0,75.0
299,201553,24835,19106.0,30564.0,38,29.0,47.0
300,201552,19495,14319.0,24671.0,30,22.0,38.0
301,201551,29080,23014.0,35146.0,45,36.0,54.0
302,201550,25043,19812.0,30274.0,39,31.0,47.0
303,201549,21479,16686.0,26272.0,33,26.0,40.0
304,201548,16428,12273.0,20583.0,25,19.0,31.0
305,201547,14959,10856.0,19062.0,23,17.0,29.0
306,201546,12599,8237.0,16961.0,20,13.0,27.0
307,201545,13577,9192.0,17962.0,21,14.0,28.0
308,201544,14596,10025.0,19167.0,23,16.0,30.0
309,201543,16749,11745.0,21753.0,26,18.0,34.0
310,201542,18675,13613.0,23737.0,29,21.0,37.0
311,201541,13585,9830.0,17340.0,21,15.0,27.0
312,201540,13100,9349.0,16851.0,20,14.0,26.0
313,201539,8595,5671.0,11519.0,13,8.0,18.0
314,201538,8402,4929.0,11875.0,13,8.0,18.0
315,201537,8817,4089.0,13545.0,14,7.0,21.0
316,201536,1922,440.0,3404.0,3,1.0,5.0
317,201535,229,0.0,644.0,0,0.0,1.0
318,201534,760,0.0,1618.0,1,0.0,2.0
319,201533,1537,208.0,2866.0,2,0.0,4.0
320,201532,1594,66.0,3122.0,2,0.0,4.0
321,201531,2845,475.0,5215.0,4,0.0,8.0
322,201530,2447,353.0,4541.0,4,1.0,7.0
323,201529,2389,332.0,4446.0,4,1.0,7.0
324,201528,2089,105.0,4073.0,3,0.0,6.0
325,201527,2257,393.0,4121.0,3,0.0,6.0
326,201526,2536,774.0,4298.0,4,1.0,7.0
327,201525,2607,680.0,4534.0,4,1.0,7.0
328,201524,2849,1000.0,4698.0,4,1.0,7.0
329,201523,2702,857.0,4547.0,4,1.0,7.0
330,201522,4262,1989.0,6535.0,7,3.0,11.0
331,201521,5547,2875.0,8219.0,9,5.0,13.0
332,201520,4594,2040.0,7148.0,7,3.0,11.0
333,201519,6307,3256.0,9358.0,10,5.0,15.0
334,201518,3664,1544.0,5784.0,6,3.0,9.0
335,201517,6382,3523.0,9241.0,10,6.0,14.0
336,201516,12098,7913.0,16283.0,19,13.0,25.0
337,201515,19458,14192.0,24724.0,30,22.0,38.0
338,201514,30940,24617.0,37263.0,48,38.0,58.0
339,201513,49563,41986.0,57140.0,77,65.0,89.0
340,201512,70024,61079.0,78969.0,109,95.0,123.0
341,201511,99295,88838.0,109752.0,154,138.0,170.0
342,201510,143931,131682.0,156180.0,223,204.0,242.0
343,201509,238947,222902.0,254992.0,370,345.0,395.0
344,201508,409972,388670.0,431274.0,635,602.0,668.0
345,201507,517750,494301.0,541199.0,802,766.0,838.0
346,201506,533317,510627.0,556007.0,827,792.0,862.0
347,201505,457911,436964.0,478858.0,710,678.0,742.0
348,201504,292161,275491.0,308831.0,453,427.0,479.0
349,201503,153931,141290.0,166572.0,239,219.0,259.0
350,201502,104096,93358.0,114834.0,161,144.0,178.0
351,201501,70962,60505.0,81419.0,110,94.0,126.0
352,201452,63168,52705.0,73631.0,98,82.0,114.0
353,201451,45346,38002.0,52690.0,71,60.0,82.0
354,201450,42182,35049.0,49315.0,66,55.0,77.0
355,201449,33537,27281.0,39793.0,52,42.0,62.0
356,201448,28156,21896.0,34416.0,44,34.0,54.0
357,201447,18158,13186.0,23130.0,28,20.0,36.0
358,201446,14764,10174.0,19354.0,23,16.0,30.0
359,201445,16172,11449.0,20895.0,25,18.0,32.0
360,201444,15500,10464.0,20536.0,24,16.0,32.0
361,201443,16011,10653.0,21369.0,25,17.0,33.0
362,201442,21651,15828.0,27474.0,34,25.0,43.0
363,201441,22486,16295.0,28677.0,35,25.0,45.0
364,201440,16526,11583.0,21469.0,26,18.0,34.0
365,201439,8583,5054.0,12112.0,13,8.0,18.0
366,201438,10567,6496.0,14638.0,16,10.0,22.0
367,201437,7714,3780.0,11648.0,12,6.0,18.0
368,201436,5018,1949.0,8087.0,8,3.0,13.0
369,201435,2268,355.0,4181.0,4,1.0,7.0
370,201434,2367,250.0,4484.0,4,1.0,7.0
371,201433,2358,0.0,4875.0,4,0.0,8.0
372,201432,3229,447.0,6011.0,5,1.0,9.0
373,201431,4143,349.0,7937.0,6,0.0,12.0
374,201430,4631,902.0,8360.0,7,1.0,13.0
375,201429,5122,1258.0,8986.0,8,2.0,14.0
376,201428,4145,1200.0,7090.0,6,1.0,11.0
377,201427,4823,1997.0,7649.0,8,4.0,12.0
378,201426,3858,1235.0,6481.0,6,2.0,10.0
379,201425,4564,1276.0,7852.0,7,2.0,12.0
380,201424,2007,249.0,3765.0,3,0.0,6.0
381,201423,5164,1853.0,8475.0,8,3.0,13.0
382,201422,6907,1856.0,11958.0,11,3.0,19.0
383,201421,4523,1039.0,8007.0,7,2.0,12.0
384,201420,5881,2432.0,9330.0,9,4.0,14.0
385,201419,3588,1277.0,5899.0,6,2.0,10.0
386,201418,4708,1654.0,7762.0,7,2.0,12.0
387,201417,2989,625.0,5353.0,5,1.0,9.0
388,201416,7057,3381.0,10733.0,11,5.0,17.0
389,201415,10800,6762.0,14838.0,17,11.0,23.0
390,201414,19217,13490.0,24944.0,30,21.0,39.0
391,201413,21577,15435.0,27719.0,34,24.0,44.0
392,201412,23524,17260.0,29788.0,37,27.0,47.0
393,201411,44513,35939.0,53087.0,69,56.0,82.0
394,201410,86105,73497.0,98713.0,134,114.0,154.0
395,201409,147035,131889.0,162181.0,229,205.0,253.0
396,201408,188419,171950.0,204888.0,293,267.0,319.0
397,201407,208726,191283.0,226169.0,325,298.0,352.0
398,201406,160403,145280.0,175526.0,250,226.0,274.0
399,201405,120261,107176.0,133346.0,187,167.0,207.0
400,201404,85280,74414.0,96146.0,133,116.0,150.0
401,201403,64159,54089.0,74229.0,100,84.0,116.0
402,201402,46850,38202.0,55498.0,73,60.0,86.0
403,201401,35624,27451.0,43797.0,55,42.0,68.0
404,201352,30142,22721.0,37563.0,47,35.0,59.0
405,201351,29787,23215.0,36359.0,47,37.0,57.0
406,201350,24055,18214.0,29896.0,38,29.0,47.0
407,201349,18071,13058.0,23084.0,28,20.0,36.0
408,201348,17606,12195.0,23017.0,28,20.0,36.0
409,201347,22636,16343.0,28929.0,35,25.0,45.0
410,201346,13340,8367.0,18313.0,21,13.0,29.0
411,201345,10596,6057.0,15135.0,17,10.0,24.0
412,201344,10193,5622.0,14764.0,16,9.0,23.0
413,201343,15780,9497.0,22063.0,25,15.0,35.0
414,201342,14830,9545.0,20115.0,23,15.0,31.0
415,201341,12391,7265.0,17517.0,19,11.0,27.0
416,201340,9794,5140.0,14448.0,15,8.0,22.0
417,201339,5371,1704.0,9038.0,8,2.0,14.0
418,201338,9324,4198.0,14450.0,15,7.0,23.0
419,201337,5027,1752.0,8302.0,8,3.0,13.0
420,201336,4639,1425.0,7853.0,7,2.0,12.0
421,201335,1291,0.0,3112.0,2,0.0,5.0
422,201334,1889,0.0,4912.0,3,0.0,8.0
423,201333,4740,348.0,9132.0,7,0.0,14.0
424,201332,4709,549.0,8869.0,7,0.0,14.0
425,201331,2270,0.0,5811.0,4,0.0,10.0
426,201330,2169,0.0,4630.0,3,0.0,7.0
427,201329,1696,0.0,3558.0,3,0.0,6.0
428,201328,983,0.0,2168.0,2,0.0,4.0
429,201327,4278,1327.0,7229.0,7,2.0,12.0
430,201326,3488,839.0,6137.0,5,1.0,9.0
431,201325,2735,0.0,5826.0,4,0.0,9.0
432,201324,7245,2997.0,11493.0,11,4.0,18.0
433,201323,16094,8918.0,23270.0,25,14.0,36.0
434,201322,7245,2923.0,11567.0,11,4.0,18.0
435,201321,5974,2401.0,9547.0,9,3.0,15.0
436,201320,3831,1245.0,6417.0,6,2.0,10.0
437,201319,1166,0.0,2680.0,2,0.0,4.0
438,201318,3415,757.0,6073.0,5,1.0,9.0
439,201317,7941,2950.0,12932.0,12,4.0,20.0
440,201316,9520,4758.0,14282.0,15,8.0,22.0
441,201315,19357,13311.0,25403.0,30,21.0,39.0
442,201314,36855,27737.0,45973.0,58,44.0,72.0
443,201313,43236,34048.0,52424.0,68,54.0,82.0
444,201312,60822,50414.0,71230.0,95,79.0,111.0
445,201311,84308,72456.0,96160.0,132,113.0,151.0
446,201310,165558,148471.0,182645.0,259,232.0,286.0
447,201309,259984,239067.0,280901.0,407,374.0,440.0
448,201308,351626,327537.0,375715.0,550,512.0,588.0
449,201307,470076,443682.0,496470.0,736,695.0,777.0
450,201306,471647,445112.0,498182.0,738,696.0,780.0
451,201305,492026,464729.0,519323.0,770,727.0,813.0
452,201304,391525,367182.0,415868.0,613,575.0,651.0
453,201303,224661,207134.0,242188.0,352,325.0,379.0
454,201302,184159,168343.0,199975.0,288,263.0,313.0
455,201301,163491,147340.0,179642.0,256,231.0,281.0
456,201252,159290,141978.0,176602.0,251,224.0,278.0
457,201251,113901,99835.0,127967.0,179,157.0,201.0
458,201250,79918,68086.0,91750.0,126,107.0,145.0
459,201249,47537,38711.0,56363.0,75,61.0,89.0
460,201248,43006,32863.0,53149.0,68,52.0,84.0
461,201247,39223,29140.0,49306.0,62,46.0,78.0
462,201246,26436,18286.0,34586.0,42,29.0,55.0
463,201245,18893,12799.0,24987.0,30,20.0,40.0
464,201244,13106,8784.0,17428.0,21,14.0,28.0
465,201243,17791,11284.0,24298.0,28,18.0,38.0
466,201242,13096,8369.0,17823.0,21,14.0,28.0
467,201241,18675,12010.0,25340.0,29,19.0,39.0
468,201240,17873,11545.0,24201.0,28,18.0,38.0
469,201239,20257,14180.0,26334.0,32,22.0,42.0
470,201238,14715,9178.0,20252.0,23,14.0,32.0
471,201237,7775,3509.0,12041.0,12,5.0,19.0
472,201236,6384,2420.0,10348.0,10,4.0,16.0
473,201235,8277,2206.0,14348.0,13,3.0,23.0
474,201234,3858,0.0,8641.0,6,0.0,14.0
475,201233,6492,840.0,12144.0,10,1.0,19.0
476,201232,6381,0.0,14034.0,10,0.0,22.0
477,201231,2696,0.0,5763.0,4,0.0,9.0
478,201230,1834,0.0,4194.0,3,0.0,7.0
479,201229,6329,1424.0,11234.0,10,2.0,18.0
480,201228,4628,1091.0,8165.0,7,1.0,13.0
481,201227,4162,1487.0,6837.0,7,3.0,11.0
482,201226,4819,1097.0,8541.0,8,2.0,14.0
483,201225,2669,530.0,4808.0,4,1.0,7.0
484,201224,5977,2335.0,9619.0,9,3.0,15.0
485,201223,2361,576.0,4146.0,4,1.0,7.0
486,201222,5772,2435.0,9109.0,9,4.0,14.0
487,201221,3722,821.0,6623.0,6,1.0,11.0
488,201220,2731,897.0,4565.0,4,1.0,7.0
489,201219,3267,1317.0,5217.0,5,2.0,8.0
490,201218,2328,569.0,4087.0,4,1.0,7.0
491,201217,6982,2701.0,11263.0,11,4.0,18.0
492,201216,11455,6874.0,16036.0,18,11.0,25.0
493,201215,20437,13435.0,27439.0,32,21.0,43.0
494,201214,36740,27799.0,45681.0,58,44.0,72.0
495,201213,62917,50171.0,75663.0,99,79.0,119.0
496,201212,84738,71566.0,97910.0,133,112.0,154.0
497,201211,128945,113778.0,144112.0,203,179.0,227.0
498,201210,174704,157337.0,192071.0,275,248.0,302.0
499,201209,225648,206810.0,244486.0,355,325.0,385.0
500,201208,287293,264901.0,309685.0,452,417.0,487.0
501,201207,263557,242711.0,284403.0,415,382.0,448.0
502,201206,175123,158942.0,191304.0,276,251.0,301.0
503,201205,106110,92524.0,119696.0,167,146.0,188.0
504,201204,67778,56784.0,78772.0,107,90.0,124.0
505,201203,49440,40981.0,57899.0,78,65.0,91.0
506,201202,40507,32652.0,48362.0,64,52.0,76.0
507,201201,45104,35640.0,54568.0,71,56.0,86.0
508,201152,36532,28367.0,44697.0,58,45.0,71.0
509,201151,25835,19002.0,32668.0,41,30.0,52.0
510,201150,24155,18145.0,30165.0,38,28.0,48.0
511,201149,27209,20376.0,34042.0,43,32.0,54.0
512,201148,32358,24451.0,40265.0,51,38.0,64.0
513,201147,17627,11780.0,23474.0,28,19.0,37.0
514,201146,22368,15730.0,29006.0,35,24.0,46.0
515,201145,18104,11995.0,24213.0,29,19.0,39.0
516,201144,14050,8471.0,19629.0,22,13.0,31.0
517,201143,21522,14251.0,28793.0,34,22.0,46.0
518,201142,16932,11363.0,22501.0,27,18.0,36.0
519,201141,7486,4024.0,10948.0,12,7.0,17.0
520,201140,14053,8659.0,19447.0,22,13.0,31.0
521,201139,17021,11062.0,22980.0,27,18.0,36.0
522,201138,14007,8465.0,19549.0,22,13.0,31.0
523,201137,8365,4174.0,12556.0,13,6.0,20.0
524,201136,4606,1714.0,7498.0,7,2.0,12.0
525,201135,4178,1634.0,6722.0,7,3.0,11.0
526,201134,3312,683.0,5941.0,5,1.0,9.0
527,201133,2421,0.0,5277.0,4,0.0,9.0
528,201132,2590,119.0,5061.0,4,0.0,8.0
529,201131,2409,320.0,4498.0,4,1.0,7.0
530,201130,3972,1395.0,6549.0,6,2.0,10.0
531,201129,2265,717.0,3813.0,4,2.0,6.0
532,201128,1977,255.0,3699.0,3,0.0,6.0
533,201127,3524,551.0,6497.0,6,1.0,11.0
534,201126,1155,0.0,2685.0,2,0.0,4.0
535,201125,3791,1006.0,6576.0,6,2.0,10.0
536,201124,3507,1149.0,5865.0,6,2.0,10.0
537,201123,3406,1170.0,5642.0,5,1.0,9.0
538,201122,3122,1125.0,5119.0,5,2.0,8.0
539,201121,2694,769.0,4619.0,4,1.0,7.0
540,201120,3951,1443.0,6459.0,6,2.0,10.0
541,201119,5416,1995.0,8837.0,9,4.0,14.0
542,201118,5306,1815.0,8797.0,8,2.0,14.0
543,201117,2659,310.0,5008.0,4,0.0,8.0
544,201116,5061,1988.0,8134.0,8,3.0,13.0
545,201115,6557,3038.0,10076.0,10,4.0,16.0
546,201114,7352,3784.0,10920.0,12,6.0,18.0
547,201113,8749,5213.0,12285.0,14,8.0,20.0
548,201112,12491,7845.0,17137.0,20,13.0,27.0
549,201111,14619,10009.0,19229.0,23,16.0,30.0
550,201110,33628,26073.0,41183.0,53,41.0,65.0
551,201109,54522,46057.0,62987.0,86,73.0,99.0
552,201108,78392,67885.0,88899.0,124,107.0,141.0
553,201107,149219,134798.0,163640.0,236,213.0,259.0
554,201106,216579,200236.0,232922.0,343,317.0,369.0
555,201105,278192,260235.0,296149.0,440,412.0,468.0
556,201104,278218,259626.0,296810.0,440,411.0,469.0
557,201103,275882,257313.0,294451.0,437,408.0,466.0
558,201102,308949,288320.0,329578.0,489,456.0,522.0
559,201101,309933,288190.0,331676.0,490,456.0,524.0
560,201052,228105,208046.0,248164.0,363,331.0,395.0
561,201051,158957,142576.0,175338.0,253,227.0,279.0
562,201050,104874,91639.0,118109.0,167,146.0,188.0
563,201049,54971,46418.0,63524.0,88,74.0,102.0
564,201048,36982,29304.0,44660.0,59,47.0,71.0
565,201047,26598,20123.0,33073.0,42,32.0,52.0
566,201046,15465,10915.0,20015.0,25,18.0,32.0
567,201045,9040,5772.0,12308.0,14,9.0,19.0
568,201044,15833,10255.0,21411.0,25,16.0,34.0
569,201043,16002,11001.0,21003.0,25,17.0,33.0
570,201042,18709,13376.0,24042.0,30,22.0,38.0
571,201041,17352,12182.0,22522.0,28,20.0,36.0
572,201040,18331,12824.0,23838.0,29,20.0,38.0
573,201039,11978,7913.0,16043.0,19,13.0,25.0
574,201038,8936,4906.0,12966.0,14,8.0,20.0
575,201037,5318,2551.0,8085.0,8,4.0,12.0
576,201036,4954,2058.0,7850.0,8,3.0,13.0
577,201035,4279,1604.0,6954.0,7,3.0,11.0
578,201034,4926,566.0,9286.0,8,1.0,15.0
579,201033,2950,0.0,6507.0,5,0.0,11.0
580,201032,671,0.0,1522.0,1,0.0,2.0
581,201031,2732,509.0,4955.0,4,0.0,8.0
582,201030,3989,1068.0,6910.0,6,1.0,11.0
583,201029,4123,1531.0,6715.0,7,3.0,11.0
584,201028,1209,0.0,2640.0,2,0.0,4.0
585,201027,2494,433.0,4555.0,4,1.0,7.0
586,201026,5808,2454.0,9162.0,9,4.0,14.0
587,201025,8019,4395.0,11643.0,13,7.0,19.0
588,201024,3584,1657.0,5511.0,6,3.0,9.0
589,201023,4016,1905.0,6127.0,6,3.0,9.0
590,201022,6251,3664.0,8838.0,10,6.0,14.0
591,201021,3860,1636.0,6084.0,6,2.0,10.0
592,201020,2470,442.0,4498.0,4,1.0,7.0
593,201019,2273,636.0,3910.0,4,1.0,7.0
594,201018,4095,1639.0,6551.0,7,3.0,11.0
595,201017,2216,817.0,3615.0,4,2.0,6.0
596,201016,3471,1085.0,5857.0,6,2.0,10.0
597,201015,3990,1376.0,6604.0,6,2.0,10.0
598,201014,6188,3191.0,9185.0,10,5.0,15.0
599,201013,6705,3665.0,9745.0,11,6.0,16.0
600,201012,6727,3582.0,9872.0,11,6.0,16.0
601,201011,8692,5002.0,12382.0,14,8.0,20.0
602,201010,8844,5465.0,12223.0,14,9.0,19.0
603,201009,12081,7334.0,16828.0,19,11.0,27.0
604,201008,15433,10422.0,20444.0,25,17.0,33.0
605,201007,19690,11728.0,27652.0,31,18.0,44.0
606,201006,27858,18883.0,36833.0,44,30.0,58.0
607,201005,22197,17019.0,27375.0,35,27.0,43.0
608,201004,33817,26151.0,41483.0,54,42.0,66.0
609,201003,36236,27936.0,44536.0,58,45.0,71.0
610,201002,40691,32891.0,48491.0,65,53.0,77.0
611,201001,66574,56164.0,76984.0,106,89.0,123.0
612,200953,96141,81818.0,110464.0,153,130.0,176.0
613,200952,172872,153238.0,192506.0,275,244.0,306.0
614,200951,247809,229140.0,266478.0,395,365.0,425.0
615,200950,379424,355974.0,402874.0,604,567.0,641.0
616,200949,473718,447756.0,499680.0,754,713.0,795.0
617,200948,467551,441506.0,493596.0,744,703.0,785.0
618,200947,378924,355752.0,402096.0,603,566.0,640.0
619,200946,223847,203918.0,243776.0,356,324.0,388.0
620,200945,147046,131155.0,162937.0,234,209.0,259.0
621,200944,170231,151298.0,189164.0,271,241.0,301.0
622,200943,131408,114883.0,147933.0,209,183.0,235.0
623,200942,99387,84491.0,114283.0,158,134.0,182.0
624,200941,100802,86381.0,115223.0,160,137.0,183.0
625,200940,111587,97628.0,125546.0,178,156.0,200.0
626,200939,121267,106153.0,136381.0,193,169.0,217.0
627,200938,137924,121242.0,154606.0,220,193.0,247.0
628,200937,101332,87522.0,115142.0,161,139.0,183.0
629,200936,46024,36435.0,55613.0,73,58.0,88.0
630,200935,31660,23669.0,39651.0,50,37.0,63.0
631,200934,24985,17699.0,32271.0,40,28.0,52.0
632,200933,24435,16308.0,32562.0,39,26.0,52.0
633,200932,23151,14624.0,31678.0,37,23.0,51.0
634,200931,30255,9818.0,50692.0,48,15.0,81.0
635,200930,13868,7861.0,19875.0,22,12.0,32.0
636,200929,10704,5314.0,16094.0,17,8.0,26.0
637,200928,15516,273.0,30759.0,25,1.0,49.0
638,200927,10354,2760.0,17948.0,16,4.0,28.0
639,200926,9932,5257.0,14607.0,16,9.0,23.0
640,200925,7619,4026.0,11212.0,12,6.0,18.0
641,200924,7794,3409.0,12179.0,12,5.0,19.0
642,200923,4342,1975.0,6709.0,7,3.0,11.0
643,200922,6390,3020.0,9760.0,10,5.0,15.0
644,200921,7118,3704.0,10532.0,11,6.0,16.0
645,200920,9482,5804.0,13160.0,15,9.0,21.0
646,200919,7538,4299.0,10777.0,12,7.0,17.0
647,200918,9627,5121.0,14133.0,15,8.0,22.0
648,200917,9537,5267.0,13807.0,15,8.0,22.0
649,200916,14666,9218.0,20114.0,23,14.0,32.0
650,200915,17533,12137.0,22929.0,28,19.0,37.0
651,200914,26324,19150.0,33498.0,42,31.0,53.0
652,200913,27737,20781.0,34693.0,44,33.0,55.0
653,200912,38811,29935.0,47687.0,62,48.0,76.0
654,200911,40410,30705.0,50115.0,64,49.0,79.0
655,200910,53395,41943.0,64847.0,85,67.0,103.0
656,200909,70558,57400.0,83716.0,112,91.0,133.0
657,200908,109100,94840.0,123360.0,174,151.0,197.0
658,200907,141531,125101.0,157961.0,225,199.0,251.0
659,200906,276274,252759.0,299789.0,440,403.0,477.0
660,200905,401868,375032.0,428704.0,640,597.0,683.0
661,200904,545313,512892.0,577734.0,868,816.0,920.0
662,200903,520957,487271.0,554643.0,829,775.0,883.0
663,200902,287145,262869.0,311421.0,457,418.0,496.0
664,200901,200349,180878.0,219820.0,319,288.0,350.0
665,200852,198418,115769.0,281067.0,323,188.0,458.0
666,200851,112588,96656.0,128520.0,184,158.0,210.0
667,200850,51746,43319.0,60173.0,84,70.0,98.0
668,200849,34950,27527.0,42373.0,57,45.0,69.0
669,200848,25604,18563.0,32645.0,42,31.0,53.0
670,200847,18706,10838.0,26574.0,30,17.0,43.0
671,200846,10899,5461.0,16337.0,18,9.0,27.0
672,200845,12472,7082.0,17862.0,20,11.0,29.0
673,200844,9772,5661.0,13883.0,16,9.0,23.0
674,200843,9345,5541.0,13149.0,15,9.0,21.0
675,200842,9087,5572.0,12602.0,15,9.0,21.0
676,200841,9925,5637.0,14213.0,16,9.0,23.0
677,200840,7869,4535.0,11203.0,13,8.0,18.0
678,200839,2195,506.0,3884.0,4,1.0,7.0
679,200838,3679,1481.0,5877.0,6,2.0,10.0
680,200837,2429,561.0,4297.0,4,1.0,7.0
681,200836,2512,492.0,4532.0,4,1.0,7.0
682,200835,1901,0.0,4869.0,3,0.0,8.0
683,200834,2552,0.0,6509.0,4,0.0,10.0
684,200833,7229,0.0,16106.0,12,0.0,26.0
685,200832,4378,107.0,8649.0,7,0.0,14.0
686,200831,3972,621.0,7323.0,6,1.0,11.0
687,200830,3821,643.0,6999.0,6,1.0,11.0
688,200829,2055,0.0,4225.0,3,0.0,7.0
689,200828,3257,208.0,6306.0,5,0.0,10.0
690,200827,2862,474.0,5250.0,5,1.0,9.0
691,200826,897,0.0,2062.0,1,0.0,3.0
692,200825,2006,360.0,3652.0,3,0.0,6.0
693,200824,3217,823.0,5611.0,5,1.0,9.0
694,200823,2906,1006.0,4806.0,5,2.0,8.0
695,200822,1792,451.0,3133.0,3,1.0,5.0
696,200821,3642,925.0,6359.0,6,2.0,10.0
697,200820,6452,2790.0,10114.0,11,5.0,17.0
698,200819,5173,1485.0,8861.0,8,2.0,14.0
699,200818,5315,1770.0,8860.0,9,3.0,15.0
700,200817,10150,5835.0,14465.0,17,10.0,24.0
701,200816,11876,7054.0,16698.0,19,11.0,27.0
702,200815,22871,16253.0,29489.0,37,26.0,48.0
703,200814,45610,27907.0,63313.0,74,45.0,103.0
704,200813,38600,29300.0,47900.0,63,48.0,78.0
705,200812,53169,43299.0,63039.0,87,71.0,103.0
706,200811,62014,50430.0,73598.0,101,82.0,120.0
707,200810,90342,75729.0,104955.0,147,123.0,171.0
708,200809,119696,104205.0,135187.0,195,170.0,220.0
709,200808,198688,180749.0,216627.0,324,295.0,353.0
710,200807,286498,264535.0,308461.0,467,431.0,503.0
711,200806,377097,350714.0,403480.0,615,572.0,658.0
712,200805,344050,320436.0,367664.0,561,523.0,599.0
713,200804,290196,268193.0,312199.0,473,437.0,509.0
714,200803,260268,233385.0,287151.0,424,380.0,468.0
715,200802,160872,145311.0,176433.0,262,237.0,287.0
716,200801,102562,88547.0,116577.0,167,144.0,190.0
717,200752,86742,72295.0,101189.0,141,117.0,165.0
718,200751,61954,51764.0,72144.0,101,84.0,118.0
719,200750,45366,36923.0,53809.0,74,60.0,88.0
720,200749,38351,26177.0,50525.0,63,43.0,83.0
721,200748,48174,35418.0,60930.0,79,58.0,100.0
722,200747,30716,23351.0,38081.0,50,38.0,62.0
723,200746,18204,12267.0,24141.0,30,20.0,40.0
724,200745,15521,10195.0,20847.0,25,16.0,34.0
725,200744,13904,9072.0,18736.0,23,15.0,31.0
726,200743,16212,10778.0,21646.0,26,17.0,35.0
727,200742,20197,13955.0,26439.0,33,23.0,43.0
728,200741,12987,8464.0,17510.0,21,14.0,28.0
729,200740,13517,2983.0,24051.0,22,5.0,39.0
730,200739,15985,7519.0,24451.0,26,12.0,40.0
731,200738,4769,837.0,8701.0,8,2.0,14.0
732,200737,1449,300.0,2598.0,2,0.0,4.0
733,200736,1100,0.0,2424.0,2,0.0,4.0
734,200735,1177,0.0,2872.0,2,0.0,5.0
735,200734,3353,654.0,6052.0,5,1.0,9.0
736,200733,4189,360.0,8018.0,7,1.0,13.0
737,200732,132,0.0,688.0,0,0.0,1.0
738,200731,1965,0.0,4461.0,3,0.0,7.0
739,200730,2158,0.0,4583.0,4,0.0,8.0
740,200729,3406,240.0,6572.0,6,1.0,11.0
741,200728,1459,0.0,3467.0,2,0.0,5.0
742,200727,1453,0.0,3382.0,2,0.0,5.0
743,200726,157,0.0,513.0,0,0.0,1.0
744,200725,3699,0.0,7778.0,6,0.0,13.0
745,200724,2854,481.0,5227.0,5,1.0,9.0
746,200723,5343,2164.0,8522.0,9,4.0,14.0
747,200722,7689,4224.0,11154.0,13,7.0,19.0
748,200721,4319,1659.0,6979.0,7,3.0,11.0
749,200720,6400,2685.0,10115.0,10,4.0,16.0
750,200719,3012,703.0,5321.0,5,1.0,9.0
751,200718,2232,348.0,4116.0,4,1.0,7.0
752,200717,4705,1736.0,7674.0,8,3.0,13.0
753,200716,3817,1438.0,6196.0,6,2.0,10.0
754,200715,4757,717.0,8797.0,8,1.0,15.0
755,200714,11377,6957.0,15797.0,19,12.0,26.0
756,200713,21271,13093.0,29449.0,35,22.0,48.0
757,200712,25433,17717.0,33149.0,41,28.0,54.0
758,200711,30764,23356.0,38172.0,50,38.0,62.0
759,200710,49469,40368.0,58570.0,81,66.0,96.0
760,200709,138901,117018.0,160784.0,226,190.0,262.0
761,200708,316747,284988.0,348506.0,516,464.0,568.0
762,200707,417698,386505.0,448891.0,681,630.0,732.0
763,200706,500016,466668.0,533364.0,815,761.0,869.0
764,200705,375457,346822.0,404092.0,612,565.0,659.0
765,200704,209878,189332.0,230424.0,342,309.0,375.0
766,200703,126161,110596.0,141726.0,206,181.0,231.0
767,200702,82849,69493.0,96205.0,135,113.0,157.0
768,200701,70842,58613.0,83071.0,115,95.0,135.0
769,200652,78190,64191.0,92189.0,128,105.0,151.0
770,200651,62734,50210.0,75258.0,103,82.0,124.0
771,200650,35668,27280.0,44056.0,58,44.0,72.0
772,200649,18773,13164.0,24382.0,31,22.0,40.0
773,200648,16439,11225.0,21653.0,27,18.0,36.0
774,200647,16104,9343.0,22865.0,26,15.0,37.0
775,200646,14032,5590.0,22474.0,23,9.0,37.0
776,200645,12285,7745.0,16825.0,20,13.0,27.0
777,200644,8031,4172.0,11890.0,13,7.0,19.0
778,200643,21157,12483.0,29831.0,35,21.0,49.0
779,200642,16673,8249.0,25097.0,27,13.0,41.0
780,200641,13920,9081.0,18759.0,23,15.0,31.0
781,200640,11950,7132.0,16768.0,20,12.0,28.0
782,200639,8945,4333.0,13557.0,15,7.0,23.0
783,200638,2532,138.0,4926.0,4,0.0,8.0
784,200637,1786,233.0,3339.0,3,0.0,6.0
785,200636,1107,0.0,2346.0,2,0.0,4.0
786,200635,2170,0.0,4760.0,4,0.0,8.0
787,200634,1572,0.0,3756.0,3,0.0,7.0
788,200633,0,0.0,0.0,0,0.0,0.0
789,200632,0,0.0,0.0,0,0.0,0.0
790,200631,1773,0.0,3892.0,3,0.0,6.0
791,200630,665,0.0,1614.0,1,0.0,3.0
792,200629,1339,0.0,3260.0,2,0.0,5.0
793,200628,843,0.0,2245.0,1,0.0,3.0
794,200627,1351,0.0,3031.0,2,0.0,5.0
795,200626,4564,1506.0,7622.0,7,2.0,12.0
796,200625,6259,2072.0,10446.0,10,3.0,17.0
797,200624,4279,964.0,7594.0,7,2.0,12.0
798,200623,4532,1489.0,7575.0,7,2.0,12.0
799,200622,5807,2667.0,8947.0,10,5.0,15.0
800,200621,4661,1761.0,7561.0,8,3.0,13.0
801,200620,8859,4754.0,12964.0,15,8.0,22.0
802,200619,5083,2011.0,8155.0,8,3.0,13.0
803,200618,4454,1632.0,7276.0,7,2.0,12.0
804,200617,17762,11802.0,23722.0,29,19.0,39.0
805,200616,22096,15420.0,28772.0,36,25.0,47.0
806,200615,26969,19631.0,34307.0,44,32.0,56.0
807,200614,40321,31022.0,49620.0,66,51.0,81.0
808,200613,77053,63531.0,90575.0,126,104.0,148.0
809,200612,108004,93005.0,123003.0,177,152.0,202.0
810,200611,122437,106388.0,138486.0,201,175.0,227.0
811,200610,124749,109104.0,140394.0,204,178.0,230.0
812,200609,164150,146099.0,182201.0,269,239.0,299.0
813,200608,199088,178830.0,219346.0,326,293.0,359.0
814,200607,243908,221071.0,266745.0,400,363.0,437.0
815,200606,256758,235190.0,278326.0,421,386.0,456.0
816,200605,184928,166901.0,202955.0,303,273.0,333.0
817,200604,104620,90909.0,118331.0,171,149.0,193.0
818,200603,66255,55727.0,76783.0,109,92.0,126.0
819,200602,39211,31418.0,47004.0,64,51.0,77.0
820,200601,34603,26269.0,42937.0,57,43.0,71.0
821,200552,32132,24389.0,39875.0,53,40.0,66.0
822,200551,40344,28397.0,52291.0,67,47.0,87.0
823,200550,36880,28635.0,45125.0,61,47.0,75.0
824,200549,27589,20576.0,34602.0,46,34.0,58.0
825,200548,24860,17839.0,31881.0,41,29.0,53.0
826,200547,26884,19810.0,33958.0,44,32.0,56.0
827,200546,23967,17155.0,30779.0,40,29.0,51.0
828,200545,14609,8709.0,20509.0,24,14.0,34.0
829,200544,20481,13625.0,27337.0,34,23.0,45.0
830,200543,18045,11916.0,24174.0,30,20.0,40.0
831,200542,23653,15209.0,32097.0,39,25.0,53.0
832,200541,26466,18270.0,34662.0,44,30.0,58.0
833,200540,26647,18088.0,35206.0,44,30.0,58.0
834,200539,23994,15381.0,32607.0,40,26.0,54.0
835,200538,21881,13979.0,29783.0,36,23.0,49.0
836,200537,10347,5384.0,15310.0,17,9.0,25.0
837,200536,7082,2806.0,11358.0,12,5.0,19.0
838,200535,2448,0.0,4987.0,4,0.0,8.0
839,200534,5281,539.0,10023.0,9,1.0,17.0
840,200533,2815,0.0,6252.0,5,0.0,11.0
841,200532,1572,0.0,3690.0,3,0.0,6.0
842,200531,3767,0.0,10955.0,6,0.0,18.0
843,200530,2203,0.0,5072.0,4,0.0,9.0
844,200529,3965,739.0,7191.0,7,2.0,12.0
845,200528,1988,96.0,3880.0,3,0.0,6.0
846,200527,2305,0.0,4713.0,4,0.0,8.0
847,200526,4720,1385.0,8055.0,8,2.0,14.0
848,200525,2354,0.0,4747.0,4,0.0,8.0
849,200524,5892,2029.0,9755.0,10,4.0,16.0
850,200523,5246,1722.0,8770.0,9,3.0,15.0
851,200522,3935,1031.0,6839.0,6,1.0,11.0
852,200521,4284,474.0,8094.0,7,1.0,13.0
853,200520,7841,3611.0,12071.0,13,6.0,20.0
854,200519,7638,3346.0,11930.0,13,6.0,20.0
855,200518,2755,388.0,5122.0,5,1.0,9.0
856,200517,7166,3530.0,10802.0,12,6.0,18.0
857,200516,9741,5344.0,14138.0,16,9.0,23.0
858,200515,14881,9018.0,20744.0,25,15.0,35.0
859,200514,21988,14834.0,29142.0,36,24.0,48.0
860,200513,42971,33053.0,52889.0,71,55.0,87.0
861,200512,90040,75374.0,104706.0,149,125.0,173.0
862,200511,183032,161407.0,204657.0,302,266.0,338.0
863,200510,222526,199990.0,245062.0,367,330.0,404.0
864,200509,251784,229464.0,274104.0,416,379.0,453.0
865,200508,277423,254825.0,300021.0,458,421.0,495.0
866,200507,459444,430026.0,488862.0,759,710.0,808.0
867,200506,568610,536207.0,601013.0,939,885.0,993.0
868,200505,568285,534912.0,601658.0,938,883.0,993.0
869,200504,316856,292011.0,341701.0,523,482.0,564.0
870,200503,154208,137061.0,171355.0,255,227.0,283.0
871,200502,88853,75576.0,102130.0,147,125.0,169.0
872,200501,55801,45339.0,66263.0,92,75.0,109.0
873,200453,40695,31926.0,49464.0,68,53.0,83.0
874,200452,32687,24316.0,41058.0,54,40.0,68.0
875,200451,46209,36017.0,56401.0,77,60.0,94.0
876,200450,42358,31865.0,52851.0,70,53.0,87.0
877,200449,27092,17910.0,36274.0,45,30.0,60.0
878,200448,30522,21236.0,39808.0,51,36.0,66.0
879,200447,21148,13386.0,28910.0,35,22.0,48.0
880,200446,13934,8335.0,19533.0,23,14.0,32.0
881,200445,15658,9703.0,21613.0,26,16.0,36.0
882,200444,23166,14852.0,31480.0,38,24.0,52.0
883,200443,16780,10545.0,23015.0,28,18.0,38.0
884,200442,20480,13909.0,27051.0,34,23.0,45.0
885,200441,15852,9789.0,21915.0,26,16.0,36.0
886,200440,25639,17291.0,33987.0,43,29.0,57.0
887,200439,22680,13222.0,32138.0,38,22.0,54.0
888,200438,17483,9417.0,25549.0,29,16.0,42.0
889,200437,9103,4768.0,13438.0,15,8.0,22.0
890,200436,7753,3596.0,11910.0,13,6.0,20.0
891,200435,4408,775.0,8041.0,7,1.0,13.0
892,200434,4501,610.0,8392.0,7,1.0,13.0
893,200433,1697,0.0,4046.0,3,0.0,7.0
894,200432,3496,0.0,8181.0,6,0.0,14.0
895,200431,2949,20.0,5878.0,5,0.0,10.0
896,200430,3557,642.0,6472.0,6,1.0,11.0
897,200429,5164,1162.0,9166.0,9,2.0,16.0
898,200428,6358,2224.0,10492.0,11,4.0,18.0
899,200427,7486,3040.0,11932.0,12,5.0,19.0
900,200426,7113,0.0,14709.0,12,0.0,25.0
901,200425,3275,508.0,6042.0,5,0.0,10.0
902,200424,6737,2394.0,11080.0,11,4.0,18.0
903,200423,9792,807.0,18777.0,16,1.0,31.0
904,200422,8077,3482.0,12672.0,13,5.0,21.0
905,200421,8073,3588.0,12558.0,13,6.0,20.0
906,200420,7885,3454.0,12316.0,13,6.0,20.0
907,200419,7235,3101.0,11369.0,12,5.0,19.0
908,200418,5108,1830.0,8386.0,8,3.0,13.0
909,200417,3647,523.0,6771.0,6,1.0,11.0
910,200416,5265,1359.0,9171.0,9,3.0,15.0
911,200415,8272,3655.0,12889.0,14,6.0,22.0
912,200414,15657,8888.0,22426.0,26,15.0,37.0
913,200413,8316,4067.0,12565.0,14,7.0,21.0
914,200412,12482,6899.0,18065.0,21,12.0,30.0
915,200411,13964,7879.0,20049.0,23,13.0,33.0
916,200410,22531,14164.0,30898.0,37,23.0,51.0
917,200409,12618,7283.0,17953.0,21,12.0,30.0
918,200408,17738,11055.0,24421.0,29,18.0,40.0
919,200407,25484,17228.0,33740.0,42,28.0,56.0
920,200406,27452,19505.0,35399.0,46,33.0,59.0
921,200405,35110,25869.0,44351.0,58,43.0,73.0
922,200404,44571,35266.0,53876.0,74,59.0,89.0
923,200403,60482,50389.0,70575.0,100,83.0,117.0
924,200402,95234,81407.0,109061.0,158,135.0,181.0
925,200401,109116,84565.0,133667.0,181,140.0,222.0
926,200352,72239,5520.0,138958.0,121,10.0,232.0
927,200351,445464,389214.0,501714.0,744,650.0,838.0
928,200350,522427,491781.0,553073.0,873,822.0,924.0
929,200349,555492,524706.0,586278.0,928,877.0,979.0
930,200348,514668,485364.0,543972.0,860,811.0,909.0
931,200347,332927,305972.0,359882.0,556,511.0,601.0
932,200346,146101,126840.0,165362.0,244,212.0,276.0
933,200345,95565,80900.0,110230.0,160,135.0,185.0
934,200344,54703,43193.0,66213.0,91,72.0,110.0
935,200343,45834,36611.0,55057.0,77,62.0,92.0
936,200342,39010,28885.0,49135.0,65,48.0,82.0
937,200341,29579,21478.0,37680.0,49,35.0,63.0
938,200340,30862,19484.0,42240.0,52,33.0,71.0
939,200339,26592,18927.0,34257.0,44,31.0,57.0
940,200338,14811,8777.0,20845.0,25,15.0,35.0
941,200337,14735,7495.0,21975.0,25,13.0,37.0
942,200336,10951,3732.0,18170.0,18,6.0,30.0
943,200335,1504,0.0,3349.0,3,0.0,6.0
944,200334,2194,0.0,4889.0,4,0.0,9.0
945,200333,1504,0.0,3921.0,3,0.0,7.0
946,200332,1619,0.0,4072.0,3,0.0,7.0
947,200331,5164,0.0,10601.0,9,0.0,18.0
948,200330,3183,28.0,6338.0,5,0.0,10.0
949,200329,6801,450.0,13152.0,11,0.0,22.0
950,200328,3975,609.0,7341.0,7,1.0,13.0
951,200327,2293,0.0,4605.0,4,0.0,8.0
952,200326,5333,2138.0,8528.0,9,4.0,14.0
953,200325,2602,0.0,5228.0,4,0.0,8.0
954,200324,8429,0.0,19483.0,14,0.0,32.0
955,200323,4821,1479.0,8163.0,8,2.0,14.0
956,200322,2573,158.0,4988.0,4,0.0,8.0
957,200321,5563,2465.0,8661.0,9,4.0,14.0
958,200320,7554,3748.0,11360.0,13,7.0,19.0
959,200319,8325,3777.0,12873.0,14,6.0,22.0
960,200318,12268,6392.0,18144.0,20,10.0,30.0
961,200317,46253,36234.0,56272.0,77,60.0,94.0
962,200316,50759,39835.0,61683.0,85,67.0,103.0
963,200315,69269,55778.0,82760.0,116,93.0,139.0
964,200314,70084,55374.0,84794.0,117,92.0,142.0
965,200313,70335,56370.0,84300.0,118,95.0,141.0
966,200312,88582,73568.0,103596.0,148,123.0,173.0
967,200311,99729,83353.0,116105.0,167,140.0,194.0
968,200310,121516,104361.0,138671.0,203,174.0,232.0
969,200309,177255,151800.0,202710.0,296,253.0,339.0
970,200308,222638,194269.0,251007.0,372,325.0,419.0
971,200307,237104,207851.0,266357.0,396,347.0,445.0
972,200306,206955,177973.0,235937.0,346,298.0,394.0
973,200305,151864,125877.0,177851.0,254,211.0,297.0
974,200304,95356,76211.0,114501.0,159,127.0,191.0
975,200303,50983,38264.0,63702.0,85,64.0,106.0
976,200302,31447,21706.0,41188.0,53,37.0,69.0
977,200301,31228,19202.0,43254.0,52,32.0,72.0
978,200252,47016,33692.0,60340.0,79,57.0,101.0
979,200251,47629,36912.0,58346.0,80,62.0,98.0
980,200250,35221,26217.0,44225.0,59,44.0,74.0
981,200249,24656,16900.0,32412.0,41,28.0,54.0
982,200248,19799,12868.0,26730.0,33,21.0,45.0
983,200247,16449,9214.0,23684.0,28,16.0,40.0
984,200246,12753,5779.0,19727.0,21,9.0,33.0
985,200245,19304,8475.0,30133.0,32,14.0,50.0
986,200244,18082,10671.0,25493.0,30,18.0,42.0
987,200243,14326,7548.0,21104.0,24,13.0,35.0
988,200242,13774,7800.0,19748.0,23,13.0,33.0
989,200241,11036,5650.0,16422.0,19,10.0,28.0
990,200240,8137,3375.0,12899.0,14,6.0,22.0
991,200239,15989,9892.0,22086.0,27,17.0,37.0
992,200238,7067,3299.0,10835.0,12,6.0,18.0
993,200237,12409,4981.0,19837.0,21,9.0,33.0
994,200236,1679,0.0,4072.0,3,0.0,7.0
995,200235,2126,0.0,6301.0,4,0.0,11.0
996,200234,2843,0.0,7483.0,5,0.0,13.0
997,200233,2670,0.0,5462.0,4,0.0,9.0
998,200232,1087,0.0,3003.0,2,0.0,5.0
999,200231,5455,399.0,10511.0,9,1.0,17.0
1000,200230,3601,0.0,7836.0,6,0.0,13.0
1001,200229,5576,379.0,10773.0,9,0.0,18.0
1002,200228,6602,0.0,14289.0,11,0.0,24.0
1003,200227,1882,0.0,6151.0,3,0.0,10.0
1004,200226,4523,0.0,12320.0,8,0.0,21.0
1005,200225,4765,1076.0,8454.0,8,2.0,14.0
1006,200224,12063,7174.0,16952.0,20,12.0,28.0
1007,200223,15468,9806.0,21130.0,26,16.0,36.0
1008,200222,4854,1696.0,8012.0,8,3.0,13.0
1009,200221,5901,2212.0,9590.0,10,4.0,16.0
1010,200220,3803,1215.0,6391.0,6,2.0,10.0
1011,200219,6139,2598.0,9680.0,10,4.0,16.0
1012,200218,6083,2646.0,9520.0,10,4.0,16.0
1013,200217,7223,2678.0,11768.0,12,4.0,20.0
1014,200216,17762,9887.0,25637.0,30,17.0,43.0
1015,200215,21654,13662.0,29646.0,36,23.0,49.0
1016,200214,23877,15709.0,32045.0,40,26.0,54.0
1017,200213,27497,16289.0,38705.0,46,27.0,65.0
1018,200212,33510,20938.0,46082.0,56,35.0,77.0
1019,200211,40426,29171.0,51681.0,68,49.0,87.0
1020,200210,42915,24537.0,61293.0,72,41.0,103.0
1021,200209,63735,48368.0,79102.0,107,81.0,133.0
1022,200208,117204,95548.0,138860.0,197,161.0,233.0
1023,200207,170251,137065.0,203437.0,286,230.0,342.0
1024,200206,325084,296111.0,354057.0,546,497.0,595.0
1025,200205,456186,422559.0,489813.0,767,710.0,824.0
1026,200204,504715,470859.0,538571.0,848,791.0,905.0
1027,200203,383720,353019.0,414421.0,645,593.0,697.0
1028,200202,244028,217752.0,270304.0,410,366.0,454.0
1029,200201,115422,95696.0,135148.0,194,161.0,227.0
1030,200152,57999,43225.0,72773.0,98,73.0,123.0
1031,200151,45961,36017.0,55905.0,78,61.0,95.0
1032,200150,31309,22878.0,39740.0,53,39.0,67.0
1033,200149,34792,23268.0,46316.0,59,40.0,78.0
1034,200148,43283,20164.0,66402.0,73,34.0,112.0
1035,200147,27455,20021.0,34889.0,46,33.0,59.0
1036,200146,21127,14294.0,27960.0,36,24.0,48.0
1037,200145,20766,13979.0,27553.0,35,24.0,46.0
1038,200144,11410,6593.0,16227.0,19,11.0,27.0
1039,200143,23311,15652.0,30970.0,39,26.0,52.0
1040,200142,18963,11652.0,26274.0,32,20.0,44.0
1041,200141,20241,14032.0,26450.0,34,24.0,44.0
1042,200140,18113,9971.0,26255.0,31,17.0,45.0
1043,200139,25407,7785.0,43029.0,43,13.0,73.0
1044,200138,9736,4985.0,14487.0,16,8.0,24.0
1045,200137,8025,3527.0,12523.0,14,6.0,22.0
1046,200136,4663,654.0,8672.0,8,1.0,15.0
1047,200135,4399,0.0,9810.0,7,0.0,16.0
1048,200134,2990,0.0,6419.0,5,0.0,11.0
1049,200133,0,0.0,0.0,0,0.0,0.0
1050,200132,0,0.0,0.0,0,0.0,0.0
1051,200131,18999,4286.0,33712.0,32,7.0,57.0
1052,200130,2144,0.0,5670.0,4,0.0,10.0
1053,200129,2408,0.0,5215.0,4,0.0,9.0
1054,200128,3555,553.0,6557.0,6,1.0,11.0
1055,200127,4739,1122.0,8356.0,8,2.0,14.0
1056,200126,3335,466.0,6204.0,6,1.0,11.0
1057,200125,2643,527.0,4759.0,4,0.0,8.0
1058,200124,4784,2158.0,7410.0,8,4.0,12.0
1059,200123,6299,3161.0,9437.0,11,6.0,16.0
1060,200122,4544,2006.0,7082.0,8,4.0,12.0
1061,200121,8925,4094.0,13756.0,15,7.0,23.0
1062,200120,15269,8883.0,21655.0,26,15.0,37.0
1063,200119,17369,10575.0,24163.0,29,18.0,40.0
1064,200118,21043,14262.0,27824.0,36,25.0,47.0
1065,200117,25787,19109.0,32465.0,44,33.0,55.0
1066,200116,24025,16833.0,31217.0,41,29.0,53.0
1067,200115,24188,17340.0,31036.0,41,29.0,53.0
1068,200114,40429,31774.0,49084.0,68,53.0,83.0
1069,200113,48644,39517.0,57771.0,82,67.0,97.0
1070,200112,45411,35780.0,55042.0,77,61.0,93.0
1071,200111,49809,40534.0,59084.0,84,68.0,100.0
1072,200110,46649,37240.0,56058.0,79,63.0,95.0
1073,200109,58623,47346.0,69900.0,99,80.0,118.0
1074,200108,77423,63237.0,91609.0,131,107.0,155.0
1075,200107,126970,107898.0,146042.0,215,183.0,247.0
1076,200106,225969,198142.0,253796.0,382,335.0,429.0
1077,200105,278674,249486.0,307862.0,471,422.0,520.0
1078,200104,209193,189129.0,229257.0,354,320.0,388.0
1079,200103,139823,124243.0,155403.0,236,210.0,262.0
1080,200102,105356,92392.0,118320.0,178,156.0,200.0
1081,200101,98930,84599.0,113261.0,167,143.0,191.0
1082,200052,143525,124203.0,162847.0,244,211.0,277.0
1083,200051,125224,108719.0,141729.0,213,185.0,241.0
1084,200050,99177,84857.0,113497.0,169,145.0,193.0
1085,200049,74170,54196.0,94144.0,126,92.0,160.0
1086,200048,43642,34064.0,53220.0,74,58.0,90.0
1087,200047,64848,11322.0,118374.0,110,19.0,201.0
1088,200046,20598,14053.0,27143.0,35,24.0,46.0
1089,200045,25375,17229.0,33521.0,43,29.0,57.0
1090,200044,16330,9762.0,22898.0,28,17.0,39.0
1091,200043,36951,27693.0,46209.0,63,47.0,79.0
1092,200042,41200,30772.0,51628.0,70,52.0,88.0
1093,200041,40022,30939.0,49105.0,68,53.0,83.0
1094,200040,27237,19986.0,34488.0,46,34.0,58.0
1095,200039,19338,12649.0,26027.0,33,22.0,44.0
1096,200038,7417,3193.0,11641.0,13,6.0,20.0
1097,200037,2243,0.0,4722.0,4,0.0,8.0
1098,200036,2990,0.0,6416.0,5,0.0,11.0
1099,200035,5590,0.0,12003.0,10,0.0,21.0
1100,200034,5188,0.0,12418.0,9,0.0,21.0
1101,200033,1690,0.0,3859.0,3,0.0,7.0
1102,200032,1405,0.0,4239.0,2,0.0,7.0
1103,200031,2159,0.0,4744.0,4,0.0,8.0
1104,200030,218,0.0,783.0,0,0.0,1.0
1105,200029,1532,0.0,3751.0,3,0.0,7.0
1106,200028,1071,0.0,2881.0,2,0.0,5.0
1107,200027,2427,150.0,4704.0,4,0.0,8.0
1108,200026,1997,0.0,4996.0,3,0.0,8.0
1109,200025,4239,221.0,8257.0,7,0.0,14.0
1110,200024,5411,1122.0,9700.0,9,2.0,16.0
1111,200023,8757,4101.0,13413.0,15,7.0,23.0
1112,200022,4966,1694.0,8238.0,8,2.0,14.0
1113,200021,4271,1389.0,7153.0,7,2.0,12.0
1114,200020,4520,1478.0,7562.0,8,3.0,13.0
1115,200019,13867,8548.0,19186.0,24,15.0,33.0
1116,200018,5386,2261.0,8511.0,9,4.0,14.0
1117,200017,7018,1581.0,12455.0,12,3.0,21.0
1118,200016,5328,1433.0,9223.0,9,2.0,16.0
1119,200015,12020,6436.0,17604.0,20,11.0,29.0
1120,200014,10942,5691.0,16193.0,19,10.0,28.0
1121,200013,8572,3443.0,13701.0,15,6.0,24.0
1122,200012,7081,3097.0,11065.0,12,5.0,19.0
1123,200011,12172,7447.0,16897.0,21,13.0,29.0
1124,200010,9091,5450.0,12732.0,15,9.0,21.0
1125,200009,14631,9200.0,20062.0,25,16.0,34.0
1126,200008,23647,17172.0,30122.0,40,29.0,51.0
1127,200007,59173,48440.0,69906.0,101,83.0,119.0
1128,200006,146517,129961.0,163073.0,249,221.0,277.0
1129,200005,261687,239983.0,283391.0,445,408.0,482.0
1130,200004,374822,349785.0,399859.0,637,594.0,680.0
1131,200003,484233,456706.0,511760.0,824,777.0,871.0
1132,200002,521069,492185.0,549953.0,886,837.0,935.0
1133,200001,541945,511326.0,572564.0,922,870.0,974.0
1134,199952,387655,360652.0,414658.0,663,617.0,709.0
1135,199951,272075,250906.0,293244.0,465,429.0,501.0
1136,199950,181113,164571.0,197655.0,310,282.0,338.0
1137,199949,112328,99058.0,125598.0,192,169.0,215.0
1138,199948,58710,48651.0,68769.0,100,83.0,117.0
1139,199947,35912,23462.0,48362.0,61,40.0,82.0
1140,199946,8601,1503.0,15699.0,15,3.0,27.0
1141,199945,17781,10817.0,24745.0,30,18.0,42.0
1142,199944,18238,12870.0,23606.0,31,22.0,40.0
1143,199943,18135,12601.0,23669.0,31,22.0,40.0
1144,199942,19183,13258.0,25108.0,33,23.0,43.0
1145,199941,25171,18689.0,31653.0,43,32.0,54.0
1146,199940,24185,16184.0,32186.0,41,27.0,55.0
1147,199939,28553,20776.0,36330.0,49,36.0,62.0
1148,199938,12430,7759.0,17101.0,21,13.0,29.0
1149,199937,7543,4283.0,10803.0,13,7.0,19.0
1150,199936,8191,2827.0,13555.0,14,5.0,23.0
1151,199935,3334,1188.0,5480.0,6,2.0,10.0
1152,199934,7600,0.0,27730.0,13,0.0,47.0
1153,199933,9757,354.0,19160.0,17,1.0,33.0
1154,199932,7149,0.0,15077.0,12,0.0,26.0
1155,199931,2640,0.0,5463.0,5,0.0,10.0
1156,199930,1478,0.0,3153.0,3,0.0,6.0
1157,199929,3983,498.0,7468.0,7,1.0,13.0
1158,199928,3731,712.0,6750.0,6,1.0,11.0
1159,199927,5004,1597.0,8411.0,9,3.0,15.0
1160,199926,3459,699.0,6219.0,6,1.0,11.0
1161,199925,5302,2057.0,8547.0,9,3.0,15.0
1162,199924,4327,1646.0,7008.0,7,2.0,12.0
1163,199923,5370,2374.0,8366.0,9,4.0,14.0
1164,199922,4404,1643.0,7165.0,8,3.0,13.0
1165,199921,4180,1485.0,6875.0,7,2.0,12.0
1166,199920,6073,2775.0,9371.0,10,4.0,16.0
1167,199919,6241,3220.0,9262.0,11,6.0,16.0
1168,199918,3057,678.0,5436.0,5,1.0,9.0
1169,199917,2904,701.0,5107.0,5,1.0,9.0
1170,199916,7539,3360.0,11718.0,13,6.0,20.0
1171,199915,11535,6814.0,16256.0,20,12.0,28.0
1172,199914,18730,13131.0,24329.0,32,22.0,42.0
1173,199913,38453,29560.0,47346.0,66,51.0,81.0
1174,199912,58090,48072.0,68108.0,99,82.0,116.0
1175,199911,91329,78686.0,103972.0,156,134.0,178.0
1176,199910,147976,131058.0,164894.0,253,224.0,282.0
1177,199909,207450,188710.0,226190.0,355,323.0,387.0
1178,199908,313293,292280.0,334306.0,536,500.0,572.0
1179,199907,524136,496702.0,551570.0,896,849.0,943.0
1180,199906,493908,466605.0,521211.0,844,797.0,891.0
1181,199905,476884,449696.0,504072.0,815,769.0,861.0
1182,199904,368514,345131.0,391897.0,630,590.0,670.0
1183,199903,242388,224208.0,260568.0,414,383.0,445.0
1184,199902,160657,145209.0,176105.0,275,249.0,301.0
1185,199901,130133,115125.0,145141.0,222,196.0,248.0
1186,199853,107611,92301.0,122921.0,185,159.0,211.0
1187,199852,72373,61032.0,83714.0,124,105.0,143.0
1188,199851,78179,67156.0,89202.0,134,115.0,153.0
1189,199850,54775,45478.0,64072.0,94,78.0,110.0
1190,199849,33385,26332.0,40438.0,57,45.0,69.0
1191,199848,22636,16668.0,28604.0,39,29.0,49.0
1192,199847,14505,9746.0,19264.0,25,17.0,33.0
1193,199846,13804,9049.0,18559.0,24,16.0,32.0
1194,199845,13021,8113.0,17929.0,22,14.0,30.0
1195,199844,12631,7410.0,17852.0,22,13.0,31.0
1196,199843,12180,7125.0,17235.0,21,12.0,30.0
1197,199842,18885,12726.0,25044.0,32,21.0,43.0
1198,199841,24196,17506.0,30886.0,42,31.0,53.0
1199,199840,20235,14114.0,26356.0,35,25.0,45.0
1200,199839,17075,11538.0,22612.0,29,20.0,38.0
1201,199838,10837,6336.0,15338.0,19,11.0,27.0
1202,199837,6968,3227.0,10709.0,12,6.0,18.0
1203,199836,3033,580.0,5486.0,5,1.0,9.0
1204,199835,2491,0.0,5022.0,4,0.0,8.0
1205,199834,3853,589.0,7117.0,7,1.0,13.0
1206,199833,2934,0.0,6598.0,5,0.0,11.0
1207,199832,1308,0.0,2894.0,2,0.0,5.0
1208,199831,12147,0.0,29237.0,21,0.0,50.0
1209,199830,5309,1628.0,8990.0,9,3.0,15.0
1210,199829,6486,2465.0,10507.0,11,4.0,18.0
1211,199828,9577,4464.0,14690.0,16,7.0,25.0
1212,199827,12358,7158.0,17558.0,21,12.0,30.0
1213,199826,10415,6547.0,14283.0,18,11.0,25.0
1214,199825,18246,13050.0,23442.0,31,22.0,40.0
1215,199824,16263,11126.0,21400.0,28,19.0,37.0
1216,199823,8553,4911.0,12195.0,15,9.0,21.0
1217,199822,5181,2669.0,7693.0,9,5.0,13.0
1218,199821,4751,2416.0,7086.0,8,4.0,12.0
1219,199820,12129,8099.0,16159.0,21,14.0,28.0
1220,199819,24118,17906.0,30330.0,41,30.0,52.0
1221,199818,31612,24512.0,38712.0,54,42.0,66.0
1222,199817,61148,51894.0,70402.0,105,89.0,121.0
1223,199816,123195,109878.0,136512.0,211,188.0,234.0
1224,199815,171603,156715.0,186491.0,294,268.0,320.0
1225,199814,319092,298398.0,339786.0,547,512.0,582.0
1226,199813,298212,278513.0,317911.0,512,478.0,546.0
1227,199812,263585,246356.0,280814.0,452,422.0,482.0
1228,199811,220578,204894.0,236262.0,378,351.0,405.0
1229,199810,202354,186304.0,218404.0,347,319.0,375.0
1230,199809,227553,209970.0,245136.0,390,360.0,420.0
1231,199808,271362,252005.0,290719.0,465,432.0,498.0
1232,199807,190187,173694.0,206680.0,326,298.0,354.0
1233,199806,88217,76829.0,99605.0,151,131.0,171.0
1234,199805,45180,36970.0,53390.0,77,63.0,91.0
1235,199804,30005,23272.0,36738.0,51,39.0,63.0
1236,199803,23900,18221.0,29579.0,41,31.0,51.0
1237,199802,31143,23994.0,38292.0,53,41.0,65.0
1238,199801,24809,17786.0,31832.0,43,31.0,55.0
1239,199752,29039,21984.0,36094.0,50,38.0,62.0
1240,199751,34924,27737.0,42111.0,60,48.0,72.0
1241,199750,33527,26388.0,40666.0,58,46.0,70.0
1242,199749,15978,11147.0,20809.0,27,19.0,35.0
1243,199748,11507,7744.0,15270.0,20,14.0,26.0
1244,199747,11059,7151.0,14967.0,19,12.0,26.0
1245,199746,8073,4613.0,11533.0,14,8.0,20.0
1246,199745,18202,13113.0,23291.0,31,22.0,40.0
1247,199744,19770,14405.0,25135.0,34,25.0,43.0
1248,199743,16707,11945.0,21469.0,29,21.0,37.0
1249,199742,15340,10351.0,20329.0,26,17.0,35.0
1250,199741,16933,11941.0,21925.0,29,20.0,38.0
1251,199740,13292,8709.0,17875.0,23,15.0,31.0
1252,199739,10189,6279.0,14099.0,18,11.0,25.0
1253,199738,3231,1061.0,5401.0,6,2.0,10.0
1254,199737,4542,1949.0,7135.0,8,4.0,12.0
1255,199736,5131,2205.0,8057.0,9,4.0,14.0
1256,199735,1842,0.0,3740.0,3,0.0,6.0
1257,199734,3226,0.0,6717.0,6,0.0,12.0
1258,199733,1799,0.0,4368.0,3,0.0,7.0
1259,199732,2086,0.0,4411.0,4,0.0,8.0
1260,199731,1386,0.0,3332.0,2,0.0,5.0
1261,199730,2116,0.0,4919.0,4,0.0,9.0
1262,199729,1973,0.0,4347.0,3,0.0,7.0
1263,199728,1560,216.0,2904.0,3,1.0,5.0
1264,199727,2540,754.0,4326.0,4,1.0,7.0
1265,199726,5582,2699.0,8465.0,10,5.0,15.0
1266,199725,4012,1090.0,6934.0,7,2.0,12.0
1267,199724,4696,1824.0,7568.0,8,3.0,13.0
1268,199723,4709,2136.0,7282.0,8,4.0,12.0
1269,199722,2283,665.0,3901.0,4,1.0,7.0
1270,199721,2108,664.0,3552.0,4,2.0,6.0
1271,199720,3257,1519.0,4995.0,6,3.0,9.0
1272,199719,4646,2436.0,6856.0,8,4.0,12.0
1273,199718,5246,2764.0,7728.0,9,5.0,13.0
1274,199717,14236,9906.0,18566.0,24,17.0,31.0
1275,199716,12169,8111.0,16227.0,21,14.0,28.0
1276,199715,9516,6192.0,12840.0,16,10.0,22.0
1277,199714,13602,9659.0,17545.0,23,16.0,30.0
1278,199713,18032,13345.0,22719.0,31,23.0,39.0
1279,199712,17199,12707.0,21691.0,30,22.0,38.0
1280,199711,19988,15419.0,24557.0,34,26.0,42.0
1281,199710,21903,17338.0,26468.0,38,30.0,46.0
1282,199709,29860,24261.0,35459.0,51,41.0,61.0
1283,199708,55445,47857.0,63033.0,95,82.0,108.0
1284,199707,70876,62518.0,79234.0,122,108.0,136.0
1285,199706,76906,68152.0,85660.0,132,117.0,147.0
1286,199705,95900,86095.0,105705.0,165,148.0,182.0
1287,199704,96896,87079.0,106713.0,167,150.0,184.0
1288,199703,143844,131917.0,155771.0,248,227.0,269.0
1289,199702,211578,197395.0,225761.0,364,340.0,388.0
1290,199701,280440,263783.0,297097.0,483,454.0,512.0
1291,199652,388201,369211.0,407191.0,670,637.0,703.0
1292,199651,640627,617388.0,663866.0,1106,1066.0,1146.0
1293,199650,535205,514568.0,555842.0,924,888.0,960.0
1294,199649,411498,393335.0,429661.0,710,679.0,741.0
1295,199648,195568,182563.0,208573.0,338,316.0,360.0
1296,199647,71980,63619.0,80341.0,124,110.0,138.0
1297,199646,32138,26358.0,37918.0,55,45.0,65.0
1298,199645,25551,20136.0,30966.0,44,35.0,53.0
1299,199644,10753,7230.0,14276.0,19,13.0,25.0
1300,199643,12971,9311.0,16631.0,22,16.0,28.0
1301,199642,11929,8472.0,15386.0,21,15.0,27.0
1302,199641,9918,6674.0,13162.0,17,11.0,23.0
1303,199640,10765,7067.0,14463.0,19,13.0,25.0
1304,199639,8377,5183.0,11571.0,14,8.0,20.0
1305,199638,9470,5965.0,12975.0,16,10.0,22.0
1306,199637,2925,829.0,5021.0,5,1.0,9.0
1307,199636,1122,23.0,2221.0,2,0.0,4.0
1308,199635,1674,93.0,3255.0,3,0.0,6.0
1309,199634,1273,122.0,2424.0,2,0.0,4.0
1310,199633,540,0.0,1246.0,1,0.0,2.0
1311,199632,1453,176.0,2730.0,3,1.0,5.0
1312,199631,3010,752.0,5268.0,5,1.0,9.0
1313,199630,2992,706.0,5278.0,5,1.0,9.0
1314,199629,1559,144.0,2974.0,3,1.0,5.0
1315,199628,3109,541.0,5677.0,5,1.0,9.0
1316,199627,4456,1595.0,7317.0,8,3.0,13.0
1317,199626,2871,1138.0,4604.0,5,2.0,8.0
1318,199625,2308,856.0,3760.0,4,1.0,7.0
1319,199624,2490,1067.0,3913.0,4,2.0,6.0
1320,199623,2819,1262.0,4376.0,5,2.0,8.0
1321,199622,4005,1984.0,6026.0,7,4.0,10.0
1322,199621,7042,4291.0,9793.0,12,7.0,17.0
1323,199620,10619,7365.0,13873.0,18,12.0,24.0
1324,199619,11898,8065.0,15731.0,21,14.0,28.0
1325,199618,18338,13352.0,23324.0,32,23.0,41.0
1326,199617,24954,19100.0,30808.0,43,33.0,53.0
1327,199616,29313,23868.0,34758.0,51,42.0,60.0
1328,199615,51703,43644.0,59762.0,89,75.0,103.0
1329,199614,44414,36774.0,52054.0,77,64.0,90.0
1330,199613,30622,25062.0,36182.0,53,43.0,63.0
1331,199612,31818,25852.0,37784.0,55,45.0,65.0
1332,199611,24427,19499.0,29355.0,42,33.0,51.0
1333,199610,20910,16198.0,25622.0,36,28.0,44.0
1334,199609,19594,15228.0,23960.0,34,26.0,42.0
1335,199608,19046,14850.0,23242.0,33,26.0,40.0
1336,199607,23041,18338.0,27744.0,40,32.0,48.0
1337,199606,21810,17153.0,26467.0,38,30.0,46.0
1338,199605,25275,20410.0,30140.0,44,36.0,52.0
1339,199604,43359,36948.0,49770.0,75,64.0,86.0
1340,199603,54691,48016.0,61366.0,94,82.0,106.0
1341,199602,105606,96106.0,115106.0,182,166.0,198.0
1342,199601,223830,209274.0,238386.0,386,361.0,411.0
1343,199552,397122,378252.0,415992.0,688,655.0,721.0
1344,199551,749988,725434.0,774542.0,1299,1256.0,1342.0
1345,199550,604926,583100.0,626752.0,1047,1009.0,1085.0
1346,199549,375500,358200.0,392800.0,650,620.0,680.0
1347,199548,206446,193457.0,219435.0,357,335.0,379.0
1348,199547,120472,110526.0,130418.0,209,192.0,226.0
1349,199546,62380,55042.0,69718.0,108,95.0,121.0
1350,199545,29791,24523.0,35059.0,52,43.0,61.0
1351,199544,13168,9820.0,16516.0,23,17.0,29.0
1352,199543,16188,12389.0,19987.0,28,21.0,35.0
1353,199542,15178,11387.0,18969.0,26,19.0,33.0
1354,199541,14980,10851.0,19109.0,26,19.0,33.0
1355,199540,16245,11610.0,20880.0,28,20.0,36.0
1356,199539,18499,13844.0,23154.0,32,24.0,40.0
1357,199538,13123,9410.0,16836.0,23,17.0,29.0
1358,199537,4895,2666.0,7124.0,8,4.0,12.0
1359,199536,3659,1574.0,5744.0,6,2.0,10.0
1360,199535,2496,644.0,4348.0,4,1.0,7.0
1361,199534,1887,214.0,3560.0,3,0.0,6.0
1362,199533,905,0.0,2007.0,2,0.0,4.0
1363,199532,700,0.0,1699.0,1,0.0,3.0
1364,199531,1946,92.0,3800.0,3,0.0,6.0
1365,199530,1898,46.0,3750.0,3,0.0,6.0
1366,199529,2148,687.0,3609.0,4,1.0,7.0
1367,199528,3312,1430.0,5194.0,6,3.0,9.0
1368,199527,4853,2683.0,7023.0,8,4.0,12.0
1369,199526,4986,2911.0,7061.0,9,5.0,13.0
1370,199525,4571,2520.0,6622.0,8,4.0,12.0
1371,199524,8058,5054.0,11062.0,14,9.0,19.0
1372,199523,13820,9801.0,17839.0,24,17.0,31.0
1373,199522,14124,9999.0,18249.0,24,17.0,31.0
1374,199521,11931,8655.0,15207.0,21,15.0,27.0
1375,199520,18846,14311.0,23381.0,33,25.0,41.0
1376,199519,26261,21488.0,31034.0,45,37.0,53.0
1377,199518,39231,33258.0,45204.0,68,58.0,78.0
1378,199517,88640,79343.0,97937.0,153,137.0,169.0
1379,199516,140488,129439.0,151537.0,243,224.0,262.0
1380,199515,181007,169110.0,192904.0,313,292.0,334.0
1381,199514,248704,235144.0,262264.0,431,408.0,454.0
1382,199513,209839,197191.0,222487.0,363,341.0,385.0
1383,199512,122434,112497.0,132371.0,212,195.0,229.0
1384,199511,81730,73346.0,90114.0,142,127.0,157.0
1385,199510,49387,42703.0,56071.0,86,74.0,98.0
1386,199509,39696,33259.0,46133.0,69,58.0,80.0
1387,199508,38008,32225.0,43791.0,66,56.0,76.0
1388,199507,30550,25479.0,35621.0,53,44.0,62.0
1389,199506,37351,32007.0,42695.0,65,56.0,74.0
1390,199505,27876,23218.0,32534.0,48,40.0,56.0
1391,199504,27643,22818.0,32468.0,48,40.0,56.0
1392,199503,24844,20391.0,29297.0,43,35.0,51.0
1393,199502,23480,19249.0,27711.0,41,34.0,48.0
1394,199501,26556,21916.0,31196.0,46,38.0,54.0
1395,199452,22036,17495.0,26577.0,38,30.0,46.0
1396,199451,26912,21750.0,32074.0,47,38.0,56.0
1397,199450,28831,23470.0,34192.0,50,41.0,59.0
1398,199449,21161,16559.0,25763.0,37,29.0,45.0
1399,199448,18487,14456.0,22518.0,32,25.0,39.0
1400,199447,15206,11578.0,18834.0,26,20.0,32.0
1401,199446,14252,10525.0,17979.0,25,19.0,31.0
1402,199445,12152,8448.0,15856.0,21,15.0,27.0
1403,199444,11307,7688.0,14926.0,20,14.0,26.0
1404,199443,11254,8002.0,14506.0,20,14.0,26.0
1405,199442,14406,10653.0,18159.0,25,18.0,32.0
1406,199441,14073,10341.0,17805.0,24,18.0,30.0
1407,199440,15962,11850.0,20074.0,28,21.0,35.0
1408,199439,15878,11643.0,20113.0,28,21.0,35.0
1409,199438,15366,11100.0,19632.0,27,20.0,34.0
1410,199437,5949,3561.0,8337.0,10,6.0,14.0
1411,199436,2806,1133.0,4479.0,5,2.0,8.0
1412,199435,4556,2358.0,6754.0,8,4.0,12.0
1413,199434,3459,1444.0,5474.0,6,2.0,10.0
1414,199433,4272,977.0,7567.0,7,1.0,13.0
1415,199432,4786,1613.0,7959.0,8,2.0,14.0
1416,199431,5027,1580.0,8474.0,9,3.0,15.0
1417,199430,2100,520.0,3680.0,4,1.0,7.0
1418,199429,1188,0.0,2384.0,2,0.0,4.0
1419,199428,1581,316.0,2846.0,3,1.0,5.0
1420,199427,713,0.0,1459.0,1,0.0,2.0
1421,199426,990,80.0,1900.0,2,0.0,4.0
1422,199425,5431,3222.0,7640.0,9,5.0,13.0
1423,199424,6288,3723.0,8853.0,11,7.0,15.0
1424,199423,6440,1052.0,11828.0,11,2.0,20.0
1425,199422,845,0.0,2449.0,1,0.0,4.0
1426,199421,2197,395.0,3999.0,4,1.0,7.0
1427,199420,2217,852.0,3582.0,4,2.0,6.0
1428,199419,1483,406.0,2560.0,3,1.0,5.0
1429,199418,3705,1940.0,5470.0,6,3.0,9.0
1430,199417,2288,1064.0,3512.0,4,2.0,6.0
1431,199416,5156,3176.0,7136.0,9,6.0,12.0
1432,199415,6952,4678.0,9226.0,12,8.0,16.0
1433,199414,4671,2784.0,6558.0,8,5.0,11.0
1434,199413,3343,1641.0,5045.0,6,3.0,9.0
1435,199412,4305,2412.0,6198.0,7,4.0,10.0
1436,199411,5399,3327.0,7471.0,9,5.0,13.0
1437,199410,4548,2529.0,6567.0,8,4.0,12.0
1438,199409,5635,3251.0,8019.0,10,6.0,14.0
1439,199408,9539,6652.0,12426.0,17,12.0,22.0
1440,199407,14639,11188.0,18090.0,25,19.0,31.0
1441,199406,17308,13395.0,21221.0,30,23.0,37.0
1442,199405,18489,14290.0,22688.0,32,25.0,39.0
1443,199404,23712,19048.0,28376.0,41,33.0,49.0
1444,199403,29882,24817.0,34947.0,52,43.0,61.0
1445,199402,47402,41415.0,53389.0,82,72.0,92.0
1446,199401,118119,108182.0,128056.0,205,188.0,222.0
1447,199352,233137,218608.0,247666.0,406,381.0,431.0
1448,199351,377472,359792.0,395152.0,658,627.0,689.0
1449,199350,627639,607097.0,648181.0,1094,1058.0,1130.0
1450,199349,898045,873419.0,922671.0,1565,1522.0,1608.0
1451,199348,527582,507752.0,547412.0,920,885.0,955.0
1452,199347,241371,226769.0,255973.0,421,396.0,446.0
1453,199346,76034,68003.0,84065.0,133,119.0,147.0
1454,199345,32289,27022.0,37556.0,56,47.0,65.0
1455,199344,17832,14015.0,21649.0,31,24.0,38.0
1456,199343,15098,11333.0,18863.0,26,19.0,33.0
1457,199342,19187,14893.0,23481.0,33,26.0,40.0
1458,199341,18285,14384.0,22186.0,32,25.0,39.0
1459,199340,13805,10348.0,17262.0,24,18.0,30.0
1460,199339,14783,11173.0,18393.0,26,20.0,32.0
1461,199338,10492,7329.0,13655.0,18,12.0,24.0
1462,199337,7023,4503.0,9543.0,12,8.0,16.0
1463,199336,4361,2445.0,6277.0,8,5.0,11.0
1464,199335,5589,3066.0,8112.0,10,6.0,14.0
1465,199334,2984,1209.0,4759.0,5,2.0,8.0
1466,199333,3217,758.0,5676.0,6,2.0,10.0
1467,199332,3755,1051.0,6459.0,7,2.0,12.0
1468,199331,4163,1768.0,6558.0,7,3.0,11.0
1469,199330,4055,1907.0,6203.0,7,3.0,11.0
1470,199329,3714,1668.0,5760.0,6,2.0,10.0
1471,199328,1774,484.0,3064.0,3,1.0,5.0
1472,199327,2574,918.0,4230.0,4,1.0,7.0
1473,199326,3048,1450.0,4646.0,5,2.0,8.0
1474,199325,8348,5260.0,11436.0,15,10.0,20.0
1475,199324,6624,3747.0,9501.0,12,7.0,17.0
1476,199323,7424,4302.0,10546.0,13,8.0,18.0
1477,199322,3432,1849.0,5015.0,6,3.0,9.0
1478,199321,5942,3670.0,8214.0,10,6.0,14.0
1479,199320,5137,3157.0,7117.0,9,6.0,12.0
1480,199319,4593,2725.0,6461.0,8,5.0,11.0
1481,199318,5027,3075.0,6979.0,9,6.0,12.0
1482,199317,8111,5138.0,11084.0,14,9.0,19.0
1483,199316,24932,19468.0,30396.0,43,33.0,53.0
1484,199315,22181,17147.0,27215.0,39,30.0,48.0
1485,199314,38266,30865.0,45667.0,67,54.0,80.0
1486,199313,62987,54506.0,71468.0,110,95.0,125.0
1487,199312,63493,55956.0,71030.0,111,98.0,124.0
1488,199311,80548,72628.0,88468.0,140,126.0,154.0
1489,199310,127910,117688.0,138132.0,223,205.0,241.0
1490,199309,184150,171378.0,196922.0,321,299.0,343.0
1491,199308,222932,209051.0,236813.0,389,365.0,413.0
1492,199307,248494,234936.0,262052.0,433,409.0,457.0
1493,199306,286939,271830.0,302048.0,500,474.0,526.0
1494,199305,255890,241516.0,270264.0,446,421.0,471.0
1495,199304,193107,181261.0,204953.0,337,316.0,358.0
1496,199303,147854,137256.0,158452.0,258,240.0,276.0
1497,199302,90269,82164.0,98374.0,157,143.0,171.0
1498,199301,75288,67244.0,83332.0,131,117.0,145.0
1499,199253,56622,49107.0,64137.0,99,86.0,112.0
1500,199252,49588,42568.0,56608.0,87,75.0,99.0
1501,199251,41156,35024.0,47288.0,72,61.0,83.0
1502,199250,40100,34699.0,45501.0,70,61.0,79.0
1503,199249,39146,33847.0,44445.0,69,60.0,78.0
1504,199248,32392,27499.0,37285.0,57,48.0,66.0
1505,199247,26276,21797.0,30755.0,46,38.0,54.0
1506,199246,22758,18462.0,27054.0,40,32.0,48.0
1507,199245,22023,17804.0,26242.0,39,32.0,46.0
1508,199244,27619,22945.0,32293.0,48,40.0,56.0
1509,199243,24969,20704.0,29234.0,44,37.0,51.0
1510,199242,29980,25261.0,34699.0,52,44.0,60.0
1511,199241,24091,19953.0,28229.0,42,35.0,49.0
1512,199240,17593,13885.0,21301.0,31,25.0,37.0
1513,199239,13535,10301.0,16769.0,24,18.0,30.0
1514,199238,9837,7106.0,12568.0,17,12.0,22.0
1515,199237,7480,5130.0,9830.0,13,9.0,17.0
1516,199236,5155,2958.0,7352.0,9,5.0,13.0
1517,199235,6383,3687.0,9079.0,11,6.0,16.0
1518,199234,2953,922.0,4984.0,5,1.0,9.0
1519,199233,4046,1549.0,6543.0,7,3.0,11.0
1520,199232,4963,2215.0,7711.0,9,4.0,14.0
1521,199231,4233,1733.0,6733.0,7,3.0,11.0
1522,199230,3091,1145.0,5037.0,5,2.0,8.0
1523,199229,3586,1583.0,5589.0,6,2.0,10.0
1524,199228,4179,2133.0,6225.0,7,3.0,11.0
1525,199227,5568,3134.0,8002.0,10,6.0,14.0
1526,199226,5886,3229.0,8543.0,10,5.0,15.0
1527,199225,5304,2805.0,7803.0,9,5.0,13.0
1528,199224,5928,3482.0,8374.0,10,6.0,14.0
1529,199223,3914,1855.0,5973.0,7,3.0,11.0
1530,199222,4899,2641.0,7157.0,9,5.0,13.0
1531,199221,5059,2889.0,7229.0,9,5.0,13.0
1532,199220,4308,2226.0,6390.0,8,4.0,12.0
1533,199219,2982,1181.0,4783.0,5,2.0,8.0
1534,199218,3887,1777.0,5997.0,7,3.0,11.0
1535,199217,3614,1216.0,6012.0,6,2.0,10.0
1536,199216,5460,2934.0,7986.0,10,6.0,14.0
1537,199215,8642,5029.0,12255.0,15,9.0,21.0
1538,199214,11346,7536.0,15156.0,20,13.0,27.0
1539,199213,11693,8096.0,15290.0,20,14.0,26.0
1540,199212,11752,7834.0,15670.0,21,14.0,28.0
1541,199211,11689,7575.0,15803.0,20,13.0,27.0
1542,199210,19224,12971.0,25477.0,34,23.0,45.0
1543,199209,26629,20275.0,32983.0,47,36.0,58.0
1544,199208,37667,30887.0,44447.0,66,54.0,78.0
1545,199207,57312,48777.0,65847.0,100,85.0,115.0
1546,199206,112450,99989.0,124911.0,197,175.0,219.0
1547,199205,165474,151342.0,179606.0,290,265.0,315.0
1548,199204,147959,133595.0,162323.0,259,234.0,284.0
1549,199203,137893,122944.0,152842.0,241,215.0,267.0
1550,199202,185852,166558.0,205146.0,325,291.0,359.0
1551,199201,247688,222574.0,272802.0,434,390.0,478.0
1552,199152,349815,325499.0,374131.0,615,572.0,658.0
1553,199151,378413,355928.0,400898.0,666,626.0,706.0
1554,199150,198721,182878.0,214564.0,350,322.0,378.0
1555,199149,93903,82992.0,104814.0,165,146.0,184.0
1556,199148,45173,37384.0,52962.0,79,65.0,93.0
1557,199147,35691,28224.0,43158.0,63,50.0,76.0
1558,199146,23685,17531.0,29839.0,42,31.0,53.0
1559,199145,19565,13551.0,25579.0,34,23.0,45.0
1560,199144,21571,15477.0,27665.0,38,27.0,49.0
1561,199143,28842,21958.0,35726.0,51,39.0,63.0
1562,199142,27483,20385.0,34581.0,48,36.0,60.0
1563,199141,28185,20655.0,35715.0,50,37.0,63.0
1564,199140,26740,16049.0,37431.0,47,28.0,66.0
1565,199139,14373,8734.0,20012.0,25,15.0,35.0
1566,199138,7460,3700.0,11220.0,13,6.0,20.0
1567,199137,2429,434.0,4424.0,4,0.0,8.0
1568,199136,2380,0.0,4882.0,4,0.0,8.0
1569,199135,2372,0.0,5025.0,4,0.0,9.0
1570,199134,2099,0.0,5104.0,4,0.0,9.0
1571,199133,1654,0.0,4102.0,3,0.0,7.0
1572,199132,625,0.0,2190.0,1,0.0,4.0
1573,199131,2464,0.0,5830.0,4,0.0,10.0
1574,199130,2382,0.0,6857.0,4,0.0,12.0
1575,199129,3837,40.0,7634.0,7,0.0,14.0
1576,199128,3297,152.0,6442.0,6,0.0,12.0
1577,199127,3164,934.0,5394.0,6,2.0,10.0
1578,199126,6376,3324.0,9428.0,11,6.0,16.0
1579,199125,8218,4776.0,11660.0,14,8.0,20.0
1580,199124,8223,4660.0,11786.0,14,8.0,20.0
1581,199123,6801,3596.0,10006.0,12,6.0,18.0
1582,199122,6050,2682.0,9418.0,11,5.0,17.0
1583,199121,6391,3385.0,9397.0,11,6.0,16.0
1584,199120,8633,4683.0,12583.0,15,8.0,22.0
1585,199119,7785,3986.0,11584.0,14,7.0,21.0
1586,199118,10856,6457.0,15255.0,19,11.0,27.0
1587,199117,15603,10950.0,20256.0,27,19.0,35.0
1588,199116,15665,11184.0,20146.0,28,20.0,36.0
1589,199115,15062,10715.0,19409.0,26,18.0,34.0
1590,199114,27862,21583.0,34141.0,49,38.0,60.0
1591,199113,32179,25829.0,38529.0,57,46.0,68.0
1592,199112,27873,22312.0,33434.0,49,39.0,59.0
1593,199111,46186,38876.0,53496.0,81,68.0,94.0
1594,199110,88750,77784.0,99716.0,156,137.0,175.0
1595,199109,139093,124326.0,153860.0,245,219.0,271.0
1596,199108,216369,198630.0,234108.0,381,350.0,412.0
1597,199107,208836,191789.0,225883.0,367,337.0,397.0
1598,199106,134737,121280.0,148194.0,237,213.0,261.0
1599,199105,73564,62716.0,84412.0,129,110.0,148.0
1600,199104,48253,39031.0,57475.0,85,69.0,101.0
1601,199103,29382,22258.0,36506.0,52,39.0,65.0
1602,199102,29759,22044.0,37474.0,52,38.0,66.0
1603,199101,42927,33706.0,52148.0,76,60.0,92.0
1604,199052,41262,31607.0,50917.0,73,56.0,90.0
1605,199051,46924,37544.0,56304.0,83,66.0,100.0
1606,199050,44125,36137.0,52113.0,78,64.0,92.0
1607,199049,38379,30603.0,46155.0,68,54.0,82.0
1608,199048,29571,22315.0,36827.0,52,39.0,65.0
1609,199047,23358,15890.0,30826.0,41,28.0,54.0
1610,199046,20246,7930.0,32562.0,36,14.0,58.0
1611,199045,17571,11591.0,23551.0,31,20.0,42.0
1612,199044,16182,10305.0,22059.0,29,19.0,39.0
1613,199043,17579,11588.0,23570.0,31,20.0,42.0
1614,199042,13011,7875.0,18147.0,23,14.0,32.0
1615,199041,19723,13330.0,26116.0,35,24.0,46.0
1616,199040,20433,14614.0,26252.0,36,26.0,46.0
1617,199039,15618,10315.0,20921.0,28,19.0,37.0
1618,199038,11146,6197.0,16095.0,20,11.0,29.0
1619,199037,4051,1022.0,7080.0,7,2.0,12.0
1620,199036,2542,124.0,4960.0,4,0.0,8.0
1621,199035,934,0.0,2681.0,2,0.0,5.0
1622,199034,201,0.0,595.0,0,0.0,1.0
1623,199033,0,0.0,0.0,0,0.0,0.0
1624,199032,1399,0.0,3849.0,2,0.0,6.0
1625,199031,881,0.0,2206.0,2,0.0,4.0
1626,199030,425,0.0,1262.0,1,0.0,2.0
1627,199029,1077,0.0,2643.0,2,0.0,5.0
1628,199028,959,0.0,2252.0,2,0.0,4.0
1629,199027,2948,793.0,5103.0,5,1.0,9.0
1630,199026,7236,2651.0,11821.0,13,5.0,21.0
1631,199025,7879,3136.0,12622.0,14,6.0,22.0
1632,199024,5727,2460.0,8994.0,10,4.0,16.0
1633,199023,3655,1043.0,6267.0,6,1.0,11.0
1634,199022,4196,1292.0,7100.0,7,2.0,12.0
1635,199021,1004,0.0,2367.0,2,0.0,4.0
1636,199020,4506,1771.0,7241.0,8,3.0,13.0
1637,199019,5897,2440.0,9354.0,10,4.0,16.0
1638,199018,1738,141.0,3335.0,3,0.0,6.0
1639,199017,5278,2197.0,8359.0,9,4.0,14.0
1640,199016,8129,3754.0,12504.0,14,6.0,22.0
1641,199015,11707,5831.0,17583.0,21,11.0,31.0
1642,199014,12862,8177.0,17547.0,23,15.0,31.0
1643,199013,21879,15088.0,28670.0,39,27.0,51.0
1644,199012,17035,11135.0,22935.0,30,20.0,40.0
1645,199011,20018,14311.0,25725.0,35,25.0,45.0
1646,199010,16294,11045.0,21543.0,29,20.0,38.0
1647,199009,21793,15460.0,28126.0,39,28.0,50.0
1648,199008,26110,19342.0,32878.0,46,34.0,58.0
1649,199007,61742,49720.0,73764.0,109,88.0,130.0
1650,199006,399984,353345.0,446623.0,707,625.0,789.0
1651,199005,161765,146354.0,177176.0,286,259.0,313.0
1652,199004,287771,267698.0,307844.0,509,474.0,544.0
1653,199003,315466,296550.0,334382.0,558,525.0,591.0
1654,199002,345060,326087.0,364033.0,610,576.0,644.0
1655,199001,483600,460913.0,506287.0,855,815.0,895.0
1656,198952,581149,556023.0,606275.0,1035,990.0,1080.0
1657,198951,821540,793846.0,849234.0,1463,1414.0,1512.0
1658,198950,749283,723633.0,774933.0,1334,1288.0,1380.0
1659,198949,358043,340053.0,376033.0,638,606.0,670.0
1660,198948,119087,108253.0,129921.0,212,193.0,231.0
1661,198947,40963,33897.0,48029.0,73,60.0,86.0
1662,198946,23547,17952.0,29142.0,42,32.0,52.0
1663,198945,22711,16999.0,28423.0,40,30.0,50.0
1664,198944,23405,17475.0,29335.0,42,31.0,53.0
1665,198943,29549,23287.0,35811.0,53,42.0,64.0
1666,198942,39410,32172.0,46648.0,70,57.0,83.0
1667,198941,43763,35245.0,52281.0,78,63.0,93.0
1668,198940,31453,24288.0,38618.0,56,43.0,69.0
1669,198939,24622,18425.0,30819.0,44,33.0,55.0
1670,198938,18296,13483.0,23109.0,33,24.0,42.0
1671,198937,12022,8082.0,15962.0,21,14.0,28.0
1672,198936,4769,2299.0,7239.0,8,4.0,12.0
1673,198935,4661,1696.0,7626.0,8,3.0,13.0
1674,198934,6039,2185.0,9893.0,11,4.0,18.0
1675,198933,7940,3858.0,12022.0,14,7.0,21.0
1676,198932,7114,2361.0,11867.0,13,5.0,21.0
1677,198931,2721,0.0,5478.0,5,0.0,10.0
1678,198930,3168,561.0,5775.0,6,1.0,11.0
1679,198929,3909,1504.0,6314.0,7,3.0,11.0
1680,198928,1284,105.0,2463.0,2,0.0,4.0
1681,198927,3641,1350.0,5932.0,6,2.0,10.0
1682,198926,5753,2885.0,8621.0,10,5.0,15.0
1683,198925,6299,3454.0,9144.0,11,6.0,16.0
1684,198924,6337,3537.0,9137.0,11,6.0,16.0
1685,198923,11779,7984.0,15574.0,21,14.0,28.0
1686,198922,9104,4764.0,13444.0,16,8.0,24.0
1687,198921,9554,4316.0,14792.0,17,8.0,26.0
1688,198920,6093,1023.0,11163.0,11,2.0,20.0
1689,198919,0,52747.31896103896,67881.50337662338,0,88.55376623376624,113.8987012987013
1690,198918,13452,1365.0,25539.0,24,2.0,46.0
1691,198917,10949,7147.0,14751.0,19,12.0,26.0
1692,198916,10908,7494.0,14322.0,19,13.0,25.0
1693,198915,9667,6209.0,13125.0,17,11.0,23.0
1694,198914,15230,10469.0,19991.0,27,19.0,35.0
1695,198913,10564,6767.0,14361.0,19,12.0,26.0
1696,198912,13419,9542.0,17296.0,24,17.0,31.0
1697,198911,16633,12140.0,21126.0,30,22.0,38.0
1698,198910,12387,8750.0,16024.0,22,16.0,28.0
1699,198909,12895,9183.0,16607.0,23,16.0,30.0
1700,198908,19746,15258.0,24234.0,35,27.0,43.0
1701,198907,27277,21760.0,32794.0,49,39.0,59.0
1702,198906,47844,40320.0,55368.0,85,72.0,98.0
1703,198905,52840,45665.0,60015.0,94,81.0,107.0
1704,198904,54942,47750.0,62134.0,98,85.0,111.0
1705,198903,66010,58065.0,73955.0,118,104.0,132.0
1706,198902,112284,102003.0,122565.0,200,182.0,218.0
1707,198901,202266,188305.0,216227.0,360,335.0,385.0
1708,198852,467971,447033.0,488909.0,837,800.0,874.0
1709,198851,872748,846468.0,899028.0,1562,1515.0,1609.0
1710,198850,1001824,974799.0,1028849.0,1793,1745.0,1841.0
1711,198849,966523,940068.0,992978.0,1729,1682.0,1776.0
1712,198848,637811,614785.0,660837.0,1141,1100.0,1182.0
1713,198847,246062,231234.0,260890.0,440,413.0,467.0
1714,198846,92484,83160.0,101808.0,165,148.0,182.0
1715,198845,53940,46148.0,61732.0,97,83.0,111.0
1716,198844,42106,35336.0,48876.0,75,63.0,87.0
1717,198843,38252,31909.0,44595.0,68,57.0,79.0
1718,198842,45495,38467.0,52523.0,81,68.0,94.0
1719,198841,46336,39344.0,53328.0,83,70.0,96.0
1720,198840,39882,33507.0,46257.0,71,60.0,82.0
1721,198839,43730,36755.0,50705.0,78,66.0,90.0
1722,198838,35243,29367.0,41119.0,63,52.0,74.0
1723,198837,15537,11911.0,19163.0,28,22.0,34.0
1724,198836,7539,4840.0,10238.0,13,8.0,18.0
1725,198835,7797,4762.0,10832.0,14,9.0,19.0
1726,198834,4950,2005.0,7895.0,9,4.0,14.0
1727,198833,7937,3861.0,12013.0,14,7.0,21.0
1728,198832,7033,2595.0,11471.0,13,5.0,21.0
1729,198831,8758,3591.0,13925.0,16,7.0,25.0
1730,198830,4205,1224.0,7186.0,8,3.0,13.0
1731,198829,6103,1013.0,11193.0,11,2.0,20.0
1732,198828,8562,3483.0,13641.0,15,6.0,24.0
1733,198827,4690,2196.0,7184.0,8,4.0,12.0
1734,198826,7065,3905.0,10225.0,13,7.0,19.0
1735,198825,7657,4664.0,10650.0,14,9.0,19.0
1736,198824,6676,3978.0,9374.0,12,7.0,17.0
1737,198823,8695,5755.0,11635.0,16,11.0,21.0
1738,198822,11566,8282.0,14850.0,21,15.0,27.0
1739,198821,11107,7742.0,14472.0,20,14.0,26.0
1740,198820,14118,10223.0,18013.0,25,18.0,32.0
1741,198819,18260,13847.0,22673.0,33,25.0,41.0
1742,198818,20415,16281.0,24549.0,37,30.0,44.0
1743,198817,21750,17436.0,26064.0,39,31.0,47.0
1744,198816,33730,27496.0,39964.0,60,49.0,71.0
1745,198815,70616,61754.0,79478.0,126,110.0,142.0
1746,198814,123868,113211.0,134525.0,222,203.0,241.0
1747,198813,193710,181519.0,205901.0,347,325.0,369.0
1748,198812,283445,268834.0,298056.0,507,481.0,533.0
1749,198811,316175,300858.0,331492.0,566,539.0,593.0
1750,198810,235142,222004.0,248280.0,421,397.0,445.0
1751,198809,135564,125263.0,145865.0,243,225.0,261.0
1752,198808,87753,78449.0,97057.0,157,140.0,174.0
1753,198807,77099,68423.0,85775.0,138,122.0,154.0
1754,198806,69349,61502.0,77196.0,124,110.0,138.0
1755,198805,72705,64952.0,80458.0,130,116.0,144.0
1756,198804,72818,64944.0,80692.0,130,116.0,144.0
1757,198803,68869,60922.0,76816.0,123,109.0,137.0
1758,198802,59743,51907.0,67579.0,107,93.0,121.0
1759,198801,60929,52573.0,69285.0,109,94.0,124.0
1760,198753,47257,38170.0,56344.0,85,69.0,101.0
1761,198752,11935,2353.0,21517.0,21,4.0,38.0
1762,198751,47744,34266.0,61222.0,86,62.0,110.0
1763,198750,57767,50181.0,65353.0,104,90.0,118.0
1764,198749,49380,42461.0,56299.0,89,77.0,101.0
1765,198748,41871,35115.0,48627.0,75,63.0,87.0
1766,198747,29688,23465.0,35911.0,53,42.0,64.0
1767,198746,37216,30199.0,44233.0,67,54.0,80.0
1768,198745,35456,29024.0,41888.0,64,52.0,76.0
1769,198744,41024,33829.0,48219.0,74,61.0,87.0
1770,198743,46356,38370.0,54342.0,83,69.0,97.0
1771,198742,38021,30236.0,45806.0,68,54.0,82.0
1772,198741,42021,32016.0,52026.0,76,58.0,94.0
1773,198740,24641,15930.0,33352.0,44,28.0,60.0
1774,198739,32328,23548.0,41108.0,58,42.0,74.0
1775,198738,16782,11870.0,21694.0,30,21.0,39.0
1776,198737,11208,6542.0,15874.0,20,12.0,28.0
1777,198736,7906,4014.0,11798.0,14,7.0,21.0
1778,198735,6149,2970.0,9328.0,11,5.0,17.0
1779,198734,6631,2734.0,10528.0,12,5.0,19.0
1780,198733,6404,1834.0,10974.0,12,4.0,20.0
1781,198732,7215,2353.0,12077.0,13,4.0,22.0
1782,198731,8233,3655.0,12811.0,15,7.0,23.0
1783,198730,4642,1301.0,7983.0,8,2.0,14.0
1784,198729,4389,913.0,7865.0,8,2.0,14.0
1785,198728,2702,138.0,5266.0,5,0.0,10.0
1786,198727,10171,5904.0,14438.0,18,10.0,26.0
1787,198726,12341,7824.0,16858.0,22,14.0,30.0
1788,198725,23413,15490.0,31336.0,42,28.0,56.0
1789,198724,11289,7282.0,15296.0,20,13.0,27.0
1790,198723,15857,10943.0,20771.0,29,20.0,38.0
1791,198722,14887,9743.0,20031.0,27,18.0,36.0
1792,198721,17619,12649.0,22589.0,32,23.0,41.0
1793,198720,10344,6454.0,14234.0,19,12.0,26.0
1794,198719,12539,7943.0,17135.0,23,15.0,31.0
1795,198718,16095,10330.0,21860.0,29,19.0,39.0
1796,198717,21256,14850.0,27662.0,38,26.0,50.0
1797,198716,32416,25100.0,39732.0,58,45.0,71.0
1798,198715,44292,36456.0,52128.0,80,66.0,94.0
1799,198714,50642,41866.0,59418.0,91,75.0,107.0
1800,198713,62246,52749.0,71743.0,112,95.0,129.0
1801,198712,59625,50653.0,68597.0,107,91.0,123.0
1802,198711,53561,45035.0,62087.0,96,81.0,111.0
1803,198710,93067,80519.0,105615.0,167,144.0,190.0
1804,198709,147006,133519.0,160493.0,264,240.0,288.0
1805,198708,217779,202179.0,233379.0,391,363.0,419.0
1806,198707,288180,270718.0,305642.0,518,487.0,549.0
1807,198706,296702,279051.0,314353.0,533,501.0,565.0
1808,198705,236046,219483.0,252609.0,424,394.0,454.0
1809,198704,158333,143625.0,173041.0,285,259.0,311.0
1810,198703,103841,91699.0,115983.0,187,165.0,209.0
1811,198702,74213,64014.0,84412.0,133,115.0,151.0
1812,198701,69745,59207.0,80283.0,125,106.0,144.0
1813,198652,76263,64958.0,87568.0,138,118.0,158.0
1814,198651,72920,63047.0,82793.0,132,114.0,150.0
1815,198650,73413,64019.0,82807.0,133,116.0,150.0
1816,198649,56296,48229.0,64363.0,102,87.0,117.0
1817,198648,46031,38578.0,53484.0,83,70.0,96.0
1818,198647,36740,29710.0,43770.0,66,53.0,79.0
1819,198646,32134,25327.0,38941.0,58,46.0,70.0
1820,198645,38964,31382.0,46546.0,70,56.0,84.0
1821,198644,28646,22048.0,35244.0,52,40.0,64.0
1822,198643,27532,20842.0,34222.0,50,38.0,62.0
1823,198642,31815,25124.0,38506.0,57,45.0,69.0
1824,198641,32864,25939.0,39789.0,59,47.0,71.0
1825,198640,33516,26776.0,40256.0,60,48.0,72.0
1826,198639,28665,22477.0,34853.0,52,41.0,63.0
1827,198638,26615,20479.0,32751.0,48,37.0,59.0
1828,198637,15998,10802.0,21194.0,29,20.0,38.0
1829,198636,9182,4982.0,13382.0,17,9.0,25.0
1830,198635,10587,4470.0,16704.0,19,8.0,30.0
1831,198634,5762,858.0,10666.0,10,1.0,19.0
1832,198633,3115,554.0,5676.0,6,1.0,11.0
1833,198632,1027,0.0,2311.0,2,0.0,4.0
1834,198631,2247,0.0,4574.0,4,0.0,8.0
1835,198630,2346,141.0,4551.0,4,0.0,8.0
1836,198629,3654,931.0,6377.0,7,2.0,12.0
1837,198628,2327,0.0,5318.0,4,0.0,9.0
1838,198627,7529,3353.0,11705.0,14,6.0,22.0
1839,198626,8778,5106.0,12450.0,16,9.0,23.0
1840,198625,11075,6804.0,15346.0,20,12.0,28.0
1841,198624,11160,7252.0,15068.0,20,13.0,27.0
1842,198623,14372,9896.0,18848.0,26,18.0,34.0
1843,198622,9717,5594.0,13840.0,18,11.0,25.0
1844,198621,14460,9575.0,19345.0,26,17.0,35.0
1845,198620,17133,12106.0,22160.0,31,22.0,40.0
1846,198619,22177,16008.0,28346.0,40,29.0,51.0
1847,198618,31736,24115.0,39357.0,57,43.0,71.0
1848,198617,34874,27440.0,42308.0,63,50.0,76.0
1849,198616,41196,32894.0,49498.0,74,59.0,89.0
1850,198615,42659,33537.0,51781.0,77,61.0,93.0
1851,198614,49792,39728.0,59856.0,90,72.0,108.0
1852,198613,87249,63562.0,110936.0,157,114.0,200.0
1853,198612,124777,97237.0,152317.0,225,175.0,275.0
1854,198611,168146,151035.0,185257.0,303,272.0,334.0
1855,198610,257305,231225.0,283385.0,464,417.0,511.0
1856,198609,321140,296644.0,345636.0,580,536.0,624.0
1857,198608,448786,419219.0,478353.0,810,757.0,863.0
1858,198607,490723,460150.0,521296.0,886,831.0,941.0
1859,198606,439300,411764.0,466836.0,793,743.0,843.0
1860,198605,364727,339868.0,389586.0,658,613.0,703.0
1861,198604,348509,322464.0,374554.0,629,582.0,676.0
1862,198603,271539,248654.0,294424.0,490,449.0,531.0
1863,198602,178138,159344.0,196932.0,322,288.0,356.0
1864,198601,112614,96539.0,128689.0,203,174.0,232.0
1865,198552,86452,72250.0,100654.0,157,131.0,183.0
1866,198551,114666,99538.0,129794.0,208,181.0,235.0
1867,198550,86031,73604.0,98458.0,156,133.0,179.0
1868,198549,65931,55326.0,76536.0,120,101.0,139.0
1869,198548,68291,57581.0,79001.0,124,105.0,143.0
1870,198547,66177,55221.0,77133.0,120,100.0,140.0
1871,198546,70534,58788.0,82280.0,128,107.0,149.0
1872,198545,57514,47167.0,67861.0,104,85.0,123.0
1873,198544,67356,55744.0,78968.0,122,101.0,143.0
1874,198543,87402,74208.0,100596.0,158,134.0,182.0
1875,198542,76218,64604.0,87832.0,138,117.0,159.0
1876,198541,45712,36755.0,54669.0,83,67.0,99.0
1877,198540,49739,40335.0,59143.0,90,73.0,107.0
1878,198539,39819,31234.0,48404.0,72,56.0,88.0
1879,198538,27605,20614.0,34596.0,50,37.0,63.0
1880,198537,22219,15626.0,28812.0,40,28.0,52.0
1881,198536,27986,18992.0,36980.0,51,35.0,67.0
1882,198535,30215,18546.0,41884.0,55,34.0,76.0
1883,198534,40389,24786.0,55992.0,73,45.0,101.0
1884,198533,22611,8819.0,36403.0,41,16.0,66.0
1885,198532,7488,1851.0,13125.0,14,4.0,24.0
1886,198531,16958,8479.0,25437.0,31,16.0,46.0
1887,198530,11598,5507.0,17689.0,21,10.0,32.0
1888,198529,13054,6474.0,19634.0,24,12.0,36.0
1889,198528,14588,7659.0,21517.0,26,13.0,39.0
1890,198527,19670,11761.0,27579.0,36,22.0,50.0
1891,198526,18609,12637.0,24581.0,34,23.0,45.0
1892,198525,19362,12454.0,26270.0,35,22.0,48.0
1893,198524,19855,13577.0,26133.0,36,25.0,47.0
1894,198523,19373,10010.0,28736.0,35,18.0,52.0
1895,198522,24099,17190.0,31008.0,44,31.0,57.0
1896,198521,26096,19621.0,32571.0,47,35.0,59.0
1897,198520,27896,20885.0,34907.0,51,38.0,64.0
1898,198519,43154,32821.0,53487.0,78,59.0,97.0
1899,198518,40555,29935.0,51175.0,74,55.0,93.0
1900,198517,34053,24366.0,43740.0,62,44.0,80.0
1901,198516,50362,36451.0,64273.0,91,66.0,116.0
1902,198515,63881,45538.0,82224.0,116,83.0,149.0
1903,198514,134545,114400.0,154690.0,244,207.0,281.0
1904,198513,197206,176080.0,218332.0,357,319.0,395.0
1905,198512,245240,223304.0,267176.0,445,405.0,485.0
1906,198511,276205,252399.0,300011.0,501,458.0,544.0
1907,198510,353231,326279.0,380183.0,640,591.0,689.0
1908,198509,369895,341109.0,398681.0,670,618.0,722.0
1909,198508,389886,359529.0,420243.0,707,652.0,762.0
1910,198507,471852,432599.0,511105.0,855,784.0,926.0
1911,198506,565825,518011.0,613639.0,1026,939.0,1113.0
1912,198505,637302,592795.0,681809.0,1155,1074.0,1236.0
1913,198504,424937,390794.0,459080.0,770,708.0,832.0
1914,198503,213901,174689.0,253113.0,388,317.0,459.0
1915,198502,97586,80949.0,114223.0,177,147.0,207.0
1916,198501,85489,65918.0,105060.0,155,120.0,190.0
1917,198452,84830,60602.0,109058.0,154,110.0,198.0
1918,198451,101726,80242.0,123210.0,185,146.0,224.0
1919,198450,123680,101401.0,145959.0,225,184.0,266.0
1920,198449,101073,81684.0,120462.0,184,149.0,219.0
1921,198448,78620,60634.0,96606.0,143,110.0,176.0
1922,198447,72029,54274.0,89784.0,131,99.0,163.0
1923,198446,87330,67686.0,106974.0,159,123.0,195.0
1924,198445,135223,101414.0,169032.0,246,184.0,308.0
1925,198444,68422,20056.0,116788.0,125,37.0,213.0
